20240101,2024-01-01,1,2024年1月第1天,1,2024年第1天,1,2024年第1周,1,Monday,1,2024年第1月,202401,2024-01,2024,2024年,202401,2024-Q1,1,2024年1季度,摩羯座,2025-04-01 20:42:53,2025-04-01 20:42:53,2025-04-01 20:42:53
20240102,2024-01-02,2,2024年1月第2天,2,2024年第2天,1,2024年第1周,2,Tuesday,1,2024年第1月,202401,2024-01,2024,2024年,202401,2024-Q1,1,2024年1季度,摩羯座,2025-04-01 20:42:53,2025-04-01 20:42:53,2025-04-01 20:42:53
20240103,2024-01-03,3,2024年1月第3天,3,2024年第3天,1,2024年第1周,3,Wednesday,1,2024年第1月,202401,2024-01,2024,2024年,202401,2024-Q1,1,2024年1季度,摩羯座,2025-04-01 20:42:53,2025-04-01 20:42:53,2025-04-01 20:42:53
20240104,2024-01-04,4,2024年1月第4天,4,2024年第4天,1,2024年第1周,4,Thursday,1,2024年第1月,202401,2024-01,2024,2024年,202401,2024-Q1,1,2024年1季度,摩羯座,2025-04-01 20:42:53,2025-04-01 20:42:53,2025-04-01 20:42:53
20240105,2024-01-05,5,2024年1月第5天,5,2024年第5天,1,2024年第1周,5,Friday,1,2024年第1月,202401,2024-01,2024,2024年,202401,2024-Q1,1,2024年1季度,摩羯座,2025-04-01 20:42:53,2025-04-01 20:42:53,2025-04-01 20:42:53
20240106,2024-01-06,6,2024年1月第6天,6,2024年第6天,1,2024年第1周,6,Saturday,1,2024年第1月,202401,2024-01,2024,2024年,202401,2024-Q1,1,2024年1季度,摩羯座,2025-04-01 20:42:53,2025-04-01 20:42:53,2025-04-01 20:42:53
20240107,2024-01-07,7,2024年1月第7天,7,2024年第7天,2,2024年第2周,7,Sunday,1,2024年第1月,202401,2024-01,2024,2024年,202401,2024-Q1,1,2024年1季度,摩羯座,2025-04-01 20:42:53,2025-04-01 20:42:53,2025-04-01 20:42:53
20240108,2024-01-08,8,2024年1月第8天,8,2024年第8天,2,2024年第2周,1,Monday,1,2024年第1月,202401,2024-01,2024,2024年,202401,2024-Q1,1,2024年1季度,摩羯座,2025-04-01 20:42:53,2025-04-01 20:42:53,2025-04-01 20:42:53
20240109,2024-01-09,9,2024年1月第9天,9,2024年第9天,2,2024年第2周,2,Tuesday,1,2024年第1月,202401,2024-01,2024,2024年,202401,2024-Q1,1,2024年1季度,摩羯座,2025-04-01 20:42:53,2025-04-01 20:42:53,2025-04-01 20:42:53
20240110,2024-01-10,10,2024年1月第10天,10,2024年第10天,2,2024年第2周,3,Wednesday,1,2024年第1月,202401,2024-01,2024,2024年,202401,2024-Q1,1,2024年1季度,摩羯座,2025-04-01 20:42:53,2025-04-01 20:42:53,2025-04-01 20:42:53
20240111,2024-01-11,11,2024年1月第11天,11,2024年第11天,2,2024年第2周,4,Thursday,1,2024年第1月,202401,2024-01,2024,2024年,202401,2024-Q1,1,2024年1季度,摩羯座,2025-04-01 20:42:53,2025-04-01 20:42:53,2025-04-01 20:42:53
20240112,2024-01-12,12,2024年1月第12天,12,2024年第12天,2,2024年第2周,5,Friday,1,2024年第1月,202401,2024-01,2024,2024年,202401,2024-Q1,1,2024年1季度,摩羯座,2025-04-01 20:42:53,2025-04-01 20:42:53,2025-04-01 20:42:53
20240113,2024-01-13,13,2024年1月第13天,13,2024年第13天,2,2024年第2周,6,Saturday,1,2024年第1月,202401,2024-01,2024,2024年,202401,2024-Q1,1,2024年1季度,摩羯座,2025-04-01 20:42:53,2025-04-01 20:42:53,2025-04-01 20:42:53
20240114,2024-01-14,14,2024年1月第14天,14,2024年第14天,3,2024年第3周,7,Sunday,1,2024年第1月,202401,2024-01,2024,2024年,202401,2024-Q1,1,2024年1季度,摩羯座,2025-04-01 20:42:53,2025-04-01 20:42:53,2025-04-01 20:42:53
20240115,2024-01-15,15,2024年1月第15天,15,2024年第15天,3,2024年第3周,1,Monday,1,2024年第1月,202401,2024-01,2024,2024年,202401,2024-Q1,1,2024年1季度,摩羯座,2025-04-01 20:42:53,2025-04-01 20:42:53,2025-04-01 20:42:53
20240116,2024-01-16,16,2024年1月第16天,16,2024年第16天,3,2024年第3周,2,Tuesday,1,2024年第1月,202401,2024-01,2024,2024年,202401,2024-Q1,1,2024年1季度,摩羯座,2025-04-01 20:42:53,2025-04-01 20:42:53,2025-04-01 20:42:53
20240117,2024-01-17,17,2024年1月第17天,17,2024年第17天,3,2024年第3周,3,Wednesday,1,2024年第1月,202401,2024-01,2024,2024年,202401,2024-Q1,1,2024年1季度,摩羯座,2025-04-01 20:42:53,2025-04-01 20:42:53,2025-04-01 20:42:53
20240118,2024-01-18,18,2024年1月第18天,18,2024年第18天,3,2024年第3周,4,Thursday,1,2024年第1月,202401,2024-01,2024,2024年,202401,2024-Q1,1,2024年1季度,摩羯座,2025-04-01 20:42:53,2025-04-01 20:42:53,2025-04-01 20:42:53
20240119,2024-01-19,19,2024年1月第19天,19,2024年第19天,3,2024年第3周,5,Friday,1,2024年第1月,202401,2024-01,2024,2024年,202401,2024-Q1,1,2024年1季度,摩羯座,2025-04-01 20:42:53,2025-04-01 20:42:53,2025-04-01 20:42:53
20240120,2024-01-20,20,2024年1月第20天,20,2024年第20天,3,2024年第3周,6,Saturday,1,2024年第1月,202401,2024-01,2024,2024年,202401,2024-Q1,1,2024年1季度,水瓶座,2025-04-01 20:42:53,2025-04-01 20:42:53,2025-04-01 20:42:53
20240121,2024-01-21,21,2024年1月第21天,21,2024年第21天,4,2024年第4周,7,Sunday,1,2024年第1月,202401,2024-01,2024,2024年,202401,2024-Q1,1,2024年1季度,水瓶座,2025-04-01 20:42:53,2025-04-01 20:42:53,2025-04-01 20:42:53
20240122,2024-01-22,22,2024年1月第22天,22,2024年第22天,4,2024年第4周,1,Monday,1,2024年第1月,202401,2024-01,2024,2024年,202401,2024-Q1,1,2024年1季度,水瓶座,2025-04-01 20:42:53,2025-04-01 20:42:53,2025-04-01 20:42:53
20240123,2024-01-23,23,2024年1月第23天,23,2024年第23天,4,2024年第4周,2,Tuesday,1,2024年第1月,202401,2024-01,2024,2024年,202401,2024-Q1,1,2024年1季度,水瓶座,2025-04-01 20:42:53,2025-04-01 20:42:53,2025-04-01 20:42:53
20240124,2024-01-24,24,2024年1月第24天,24,2024年第24天,4,2024年第4周,3,Wednesday,1,2024年第1月,202401,2024-01,2024,2024年,202401,2024-Q1,1,2024年1季度,水瓶座,2025-04-01 20:42:53,2025-04-01 20:42:53,2025-04-01 20:42:53
20240125,2024-01-25,25,2024年1月第25天,25,2024年第25天,4,2024年第4周,4,Thursday,1,2024年第1月,202401,2024-01,2024,2024年,202401,2024-Q1,1,2024年1季度,水瓶座,2025-04-01 20:42:53,2025-04-01 20:42:53,2025-04-01 20:42:53
20240126,2024-01-26,26,2024年1月第26天,26,2024年第26天,4,2024年第4周,5,Friday,1,2024年第1月,202401,2024-01,2024,2024年,202401,2024-Q1,1,2024年1季度,水瓶座,2025-04-01 20:42:53,2025-04-01 20:42:53,2025-04-01 20:42:53
20240127,2024-01-27,27,2024年1月第27天,27,2024年第27天,4,2024年第4周,6,Saturday,1,2024年第1月,202401,2024-01,2024,2024年,202401,2024-Q1,1,2024年1季度,水瓶座,2025-04-01 20:42:53,2025-04-01 20:42:53,2025-04-01 20:42:53
20240128,2024-01-28,28,2024年1月第28天,28,2024年第28天,5,2024年第5周,7,Sunday,1,2024年第1月,202401,2024-01,2024,2024年,202401,2024-Q1,1,2024年1季度,水瓶座,2025-04-01 20:42:53,2025-04-01 20:42:53,2025-04-01 20:42:53
20240129,2024-01-29,29,2024年1月第29天,29,2024年第29天,5,2024年第5周,1,Monday,1,2024年第1月,202401,2024-01,2024,2024年,202401,2024-Q1,1,2024年1季度,水瓶座,2025-04-01 20:42:53,2025-04-01 20:42:53,2025-04-01 20:42:53
20240130,2024-01-30,30,2024年1月第30天,30,2024年第30天,5,2024年第5周,2,Tuesday,1,2024年第1月,202401,2024-01,2024,2024年,202401,2024-Q1,1,2024年1季度,水瓶座,2025-04-01 20:42:53,2025-04-01 20:42:53,2025-04-01 20:42:53
20240131,2024-01-31,31,2024年1月第31天,31,2024年第31天,5,2024年第5周,3,Wednesday,1,2024年第1月,202401,2024-01,2024,2024年,202401,2024-Q1,1,2024年1季度,水瓶座,2025-04-01 20:42:53,2025-04-01 20:42:53,2025-04-01 20:42:53
20240201,2024-02-01,1,2024年2月第1天,32,2024年第32天,5,2024年第5周,4,Thursday,2,2024年第2月,202402,2024-02,2024,2024年,202401,2024-Q1,1,2024年1季度,水瓶座,2025-04-01 20:42:53,2025-04-01 20:42:53,2025-04-01 20:42:53
20240202,2024-02-02,2,2024年2月第2天,33,2024年第33天,5,2024年第5周,5,Friday,2,2024年第2月,202402,2024-02,2024,2024年,202401,2024-Q1,1,2024年1季度,水瓶座,2025-04-01 20:42:53,2025-04-01 20:42:53,2025-04-01 20:42:53
20240203,2024-02-03,3,2024年2月第3天,34,2024年第34天,5,2024年第5周,6,Saturday,2,2024年第2月,202402,2024-02,2024,2024年,202401,2024-Q1,1,2024年1季度,水瓶座,2025-04-01 20:42:53,2025-04-01 20:42:53,2025-04-01 20:42:53
20240204,2024-02-04,4,2024年2月第4天,35,2024年第35天,6,2024年第6周,7,Sunday,2,2024年第2月,202402,2024-02,2024,2024年,202401,2024-Q1,1,2024年1季度,水瓶座,2025-04-01 20:42:53,2025-04-01 20:42:53,2025-04-01 20:42:53
20240205,2024-02-05,5,2024年2月第5天,36,2024年第36天,6,2024年第6周,1,Monday,2,2024年第2月,202402,2024-02,2024,2024年,202401,2024-Q1,1,2024年1季度,水瓶座,2025-04-01 20:42:53,2025-04-01 20:42:53,2025-04-01 20:42:53
20240206,2024-02-06,6,2024年2月第6天,37,2024年第37天,6,2024年第6周,2,Tuesday,2,2024年第2月,202402,2024-02,2024,2024年,202401,2024-Q1,1,2024年1季度,水瓶座,2025-04-01 20:42:53,2025-04-01 20:42:53,2025-04-01 20:42:53
20240207,2024-02-07,7,2024年2月第7天,38,2024年第38天,6,2024年第6周,3,Wednesday,2,2024年第2月,202402,2024-02,2024,2024年,202401,2024-Q1,1,2024年1季度,水瓶座,2025-04-01 20:42:53,2025-04-01 20:42:53,2025-04-01 20:42:53
20240208,2024-02-08,8,2024年2月第8天,39,2024年第39天,6,2024年第6周,4,Thursday,2,2024年第2月,202402,2024-02,2024,2024年,202401,2024-Q1,1,2024年1季度,水瓶座,2025-04-01 20:42:53,2025-04-01 20:42:53,2025-04-01 20:42:53
20240209,2024-02-09,9,2024年2月第9天,40,2024年第40天,6,2024年第6周,5,Friday,2,2024年第2月,202402,2024-02,2024,2024年,202401,2024-Q1,1,2024年1季度,水瓶座,2025-04-01 20:42:53,2025-04-01 20:42:53,2025-04-01 20:42:53
20240210,2024-02-10,10,2024年2月第10天,41,2024年第41天,6,2024年第6周,6,Saturday,2,2024年第2月,202402,2024-02,2024,2024年,202401,2024-Q1,1,2024年1季度,水瓶座,2025-04-01 20:42:53,2025-04-01 20:42:53,2025-04-01 20:42:53
20240211,2024-02-11,11,2024年2月第11天,42,2024年第42天,7,2024年第7周,7,Sunday,2,2024年第2月,202402,2024-02,2024,2024年,202401,2024-Q1,1,2024年1季度,水瓶座,2025-04-01 20:42:53,2025-04-01 20:42:53,2025-04-01 20:42:53
20240212,2024-02-12,12,2024年2月第12天,43,2024年第43天,7,2024年第7周,1,Monday,2,2024年第2月,202402,2024-02,2024,2024年,202401,2024-Q1,1,2024年1季度,水瓶座,2025-04-01 20:42:53,2025-04-01 20:42:53,2025-04-01 20:42:53
20240213,2024-02-13,13,2024年2月第13天,44,2024年第44天,7,2024年第7周,2,Tuesday,2,2024年第2月,202402,2024-02,2024,2024年,202401,2024-Q1,1,2024年1季度,水瓶座,2025-04-01 20:42:53,2025-04-01 20:42:53,2025-04-01 20:42:53
20240214,2024-02-14,14,2024年2月第14天,45,2024年第45天,7,2024年第7周,3,Wednesday,2,2024年第2月,202402,2024-02,2024,2024年,202401,2024-Q1,1,2024年1季度,水瓶座,2025-04-01 20:42:53,2025-04-01 20:42:53,2025-04-01 20:42:53
20240215,2024-02-15,15,2024年2月第15天,46,2024年第46天,7,2024年第7周,4,Thursday,2,2024年第2月,202402,2024-02,2024,2024年,202401,2024-Q1,1,2024年1季度,水瓶座,2025-04-01 20:42:53,2025-04-01 20:42:53,2025-04-01 20:42:53
20240216,2024-02-16,16,2024年2月第16天,47,2024年第47天,7,2024年第7周,5,Friday,2,2024年第2月,202402,2024-02,2024,2024年,202401,2024-Q1,1,2024年1季度,水瓶座,2025-04-01 20:42:53,2025-04-01 20:42:53,2025-04-01 20:42:53
20240217,2024-02-17,17,2024年2月第17天,48,2024年第48天,7,2024年第7周,6,Saturday,2,2024年第2月,202402,2024-02,2024,2024年,202401,2024-Q1,1,2024年1季度,水瓶座,2025-04-01 20:42:53,2025-04-01 20:42:53,2025-04-01 20:42:53
20240218,2024-02-18,18,2024年2月第18天,49,2024年第49天,8,2024年第8周,7,Sunday,2,2024年第2月,202402,2024-02,2024,2024年,202401,2024-Q1,1,2024年1季度,水瓶座,2025-04-01 20:42:53,2025-04-01 20:42:53,2025-04-01 20:42:53
20240219,2024-02-19,19,2024年2月第19天,50,2024年第50天,8,2024年第8周,1,Monday,2,2024年第2月,202402,2024-02,2024,2024年,202401,2024-Q1,1,2024年1季度,双鱼座,2025-04-01 20:42:53,2025-04-01 20:42:53,2025-04-01 20:42:53
20240220,2024-02-20,20,2024年2月第20天,51,2024年第51天,8,2024年第8周,2,Tuesday,2,2024年第2月,202402,2024-02,2024,2024年,202401,2024-Q1,1,2024年1季度,双鱼座,2025-04-01 20:42:53,2025-04-01 20:42:53,2025-04-01 20:42:53
20240221,2024-02-21,21,2024年2月第21天,52,2024年第52天,8,2024年第8周,3,Wednesday,2,2024年第2月,202402,2024-02,2024,2024年,202401,2024-Q1,1,2024年1季度,双鱼座,2025-04-01 20:42:53,2025-04-01 20:42:53,2025-04-01 20:42:53
20240222,2024-02-22,22,2024年2月第22天,53,2024年第53天,8,2024年第8周,4,Thursday,2,2024年第2月,202402,2024-02,2024,2024年,202401,2024-Q1,1,2024年1季度,双鱼座,2025-04-01 20:42:53,2025-04-01 20:42:53,2025-04-01 20:42:53
20240223,2024-02-23,23,2024年2月第23天,54,2024年第54天,8,2024年第8周,5,Friday,2,2024年第2月,202402,2024-02,2024,2024年,202401,2024-Q1,1,2024年1季度,双鱼座,2025-04-01 20:42:53,2025-04-01 20:42:53,2025-04-01 20:42:53
20240224,2024-02-24,24,2024年2月第24天,55,2024年第55天,8,2024年第8周,6,Saturday,2,2024年第2月,202402,2024-02,2024,2024年,202401,2024-Q1,1,2024年1季度,双鱼座,2025-04-01 20:42:53,2025-04-01 20:42:53,2025-04-01 20:42:53
20240225,2024-02-25,25,2024年2月第25天,56,2024年第56天,9,2024年第9周,7,Sunday,2,2024年第2月,202402,2024-02,2024,2024年,202401,2024-Q1,1,2024年1季度,双鱼座,2025-04-01 20:42:53,2025-04-01 20:42:53,2025-04-01 20:42:53
20240226,2024-02-26,26,2024年2月第26天,57,2024年第57天,9,2024年第9周,1,Monday,2,2024年第2月,202402,2024-02,2024,2024年,202401,2024-Q1,1,2024年1季度,双鱼座,2025-04-01 20:42:53,2025-04-01 20:42:53,2025-04-01 20:42:53
20240227,2024-02-27,27,2024年2月第27天,58,2024年第58天,9,2024年第9周,2,Tuesday,2,2024年第2月,202402,2024-02,2024,2024年,202401,2024-Q1,1,2024年1季度,双鱼座,2025-04-01 20:42:53,2025-04-01 20:42:53,2025-04-01 20:42:53
20240228,2024-02-28,28,2024年2月第28天,59,2024年第59天,9,2024年第9周,3,Wednesday,2,2024年第2月,202402,2024-02,2024,2024年,202401,2024-Q1,1,2024年1季度,双鱼座,2025-04-01 20:42:53,2025-04-01 20:42:53,2025-04-01 20:42:53
20240229,2024-02-29,29,2024年2月第29天,60,2024年第60天,9,2024年第9周,4,Thursday,2,2024年第2月,202402,2024-02,2024,2024年,202401,2024-Q1,1,2024年1季度,双鱼座,2025-04-01 20:42:53,2025-04-01 20:42:53,2025-04-01 20:42:53
20240301,2024-03-01,1,2024年3月第1天,61,2024年第61天,9,2024年第9周,5,Friday,3,2024年第3月,202403,2024-03,2024,2024年,202401,2024-Q1,1,2024年1季度,双鱼座,2025-04-01 20:42:53,2025-04-01 20:42:53,2025-04-01 20:42:53
20240302,2024-03-02,2,2024年3月第2天,62,2024年第62天,9,2024年第9周,6,Saturday,3,2024年第3月,202403,2024-03,2024,2024年,202401,2024-Q1,1,2024年1季度,双鱼座,2025-04-01 20:42:53,2025-04-01 20:42:53,2025-04-01 20:42:53
20240303,2024-03-03,3,2024年3月第3天,63,2024年第63天,10,2024年第10周,7,Sunday,3,2024年第3月,202403,2024-03,2024,2024年,202401,2024-Q1,1,2024年1季度,双鱼座,2025-04-01 20:42:53,2025-04-01 20:42:53,2025-04-01 20:42:53
20240304,2024-03-04,4,2024年3月第4天,64,2024年第64天,10,2024年第10周,1,Monday,3,2024年第3月,202403,2024-03,2024,2024年,202401,2024-Q1,1,2024年1季度,双鱼座,2025-04-01 20:42:53,2025-04-01 20:42:53,2025-04-01 20:42:53
20240305,2024-03-05,5,2024年3月第5天,65,2024年第65天,10,2024年第10周,2,Tuesday,3,2024年第3月,202403,2024-03,2024,2024年,202401,2024-Q1,1,2024年1季度,双鱼座,2025-04-01 20:42:53,2025-04-01 20:42:53,2025-04-01 20:42:53
20240306,2024-03-06,6,2024年3月第6天,66,2024年第66天,10,2024年第10周,3,Wednesday,3,2024年第3月,202403,2024-03,2024,2024年,202401,2024-Q1,1,2024年1季度,双鱼座,2025-04-01 20:42:53,2025-04-01 20:42:53,2025-04-01 20:42:53
20240307,2024-03-07,7,2024年3月第7天,67,2024年第67天,10,2024年第10周,4,Thursday,3,2024年第3月,202403,2024-03,2024,2024年,202401,2024-Q1,1,2024年1季度,双鱼座,2025-04-01 20:42:53,2025-04-01 20:42:53,2025-04-01 20:42:53
20240308,2024-03-08,8,2024年3月第8天,68,2024年第68天,10,2024年第10周,5,Friday,3,2024年第3月,202403,2024-03,2024,2024年,202401,2024-Q1,1,2024年1季度,双鱼座,2025-04-01 20:42:53,2025-04-01 20:42:53,2025-04-01 20:42:53
20240309,2024-03-09,9,2024年3月第9天,69,2024年第69天,10,2024年第10周,6,Saturday,3,2024年第3月,202403,2024-03,2024,2024年,202401,2024-Q1,1,2024年1季度,双鱼座,2025-04-01 20:42:53,2025-04-01 20:42:53,2025-04-01 20:42:53
20240310,2024-03-10,10,2024年3月第10天,70,2024年第70天,11,2024年第11周,7,Sunday,3,2024年第3月,202403,2024-03,2024,2024年,202401,2024-Q1,1,2024年1季度,双鱼座,2025-04-01 20:42:53,2025-04-01 20:42:53,2025-04-01 20:42:53
20240311,2024-03-11,11,2024年3月第11天,71,2024年第71天,11,2024年第11周,1,Monday,3,2024年第3月,202403,2024-03,2024,2024年,202401,2024-Q1,1,2024年1季度,双鱼座,2025-04-01 20:42:53,2025-04-01 20:42:53,2025-04-01 20:42:53
20240312,2024-03-12,12,2024年3月第12天,72,2024年第72天,11,2024年第11周,2,Tuesday,3,2024年第3月,202403,2024-03,2024,2024年,202401,2024-Q1,1,2024年1季度,双鱼座,2025-04-01 20:42:53,2025-04-01 20:42:53,2025-04-01 20:42:53
20240313,2024-03-13,13,2024年3月第13天,73,2024年第73天,11,2024年第11周,3,Wednesday,3,2024年第3月,202403,2024-03,2024,2024年,202401,2024-Q1,1,2024年1季度,双鱼座,2025-04-01 20:42:53,2025-04-01 20:42:53,2025-04-01 20:42:53
20240314,2024-03-14,14,2024年3月第14天,74,2024年第74天,11,2024年第11周,4,Thursday,3,2024年第3月,202403,2024-03,2024,2024年,202401,2024-Q1,1,2024年1季度,双鱼座,2025-04-01 20:42:53,2025-04-01 20:42:53,2025-04-01 20:42:53
20240315,2024-03-15,15,2024年3月第15天,75,2024年第75天,11,2024年第11周,5,Friday,3,2024年第3月,202403,2024-03,2024,2024年,202401,2024-Q1,1,2024年1季度,双鱼座,2025-04-01 20:42:53,2025-04-01 20:42:53,2025-04-01 20:42:53
20240316,2024-03-16,16,2024年3月第16天,76,2024年第76天,11,2024年第11周,6,Saturday,3,2024年第3月,202403,2024-03,2024,2024年,202401,2024-Q1,1,2024年1季度,双鱼座,2025-04-01 20:42:53,2025-04-01 20:42:53,2025-04-01 20:42:53
20240317,2024-03-17,17,2024年3月第17天,77,2024年第77天,12,2024年第12周,7,Sunday,3,2024年第3月,202403,2024-03,2024,2024年,202401,2024-Q1,1,2024年1季度,双鱼座,2025-04-01 20:42:53,2025-04-01 20:42:53,2025-04-01 20:42:53
20240318,2024-03-18,18,2024年3月第18天,78,2024年第78天,12,2024年第12周,1,Monday,3,2024年第3月,202403,2024-03,2024,2024年,202401,2024-Q1,1,2024年1季度,双鱼座,2025-04-01 20:42:53,2025-04-01 20:42:53,2025-04-01 20:42:53
20240319,2024-03-19,19,2024年3月第19天,79,2024年第79天,12,2024年第12周,2,Tuesday,3,2024年第3月,202403,2024-03,2024,2024年,202401,2024-Q1,1,2024年1季度,双鱼座,2025-04-01 20:42:53,2025-04-01 20:42:53,2025-04-01 20:42:53
20240320,2024-03-20,20,2024年3月第20天,80,2024年第80天,12,2024年第12周,3,Wednesday,3,2024年第3月,202403,2024-03,2024,2024年,202401,2024-Q1,1,2024年1季度,双鱼座,2025-04-01 20:42:53,2025-04-01 20:42:53,2025-04-01 20:42:53
20240321,2024-03-21,21,2024年3月第21天,81,2024年第81天,12,2024年第12周,4,Thursday,3,2024年第3月,202403,2024-03,2024,2024年,202401,2024-Q1,1,2024年1季度,白羊座,2025-04-01 20:42:53,2025-04-01 20:42:53,2025-04-01 20:42:53
20240322,2024-03-22,22,2024年3月第22天,82,2024年第82天,12,2024年第12周,5,Friday,3,2024年第3月,202403,2024-03,2024,2024年,202401,2024-Q1,1,2024年1季度,白羊座,2025-04-01 20:42:53,2025-04-01 20:42:53,2025-04-01 20:42:53
20240323,2024-03-23,23,2024年3月第23天,83,2024年第83天,12,2024年第12周,6,Saturday,3,2024年第3月,202403,2024-03,2024,2024年,202401,2024-Q1,1,2024年1季度,白羊座,2025-04-01 20:42:53,2025-04-01 20:42:53,2025-04-01 20:42:53
20240324,2024-03-24,24,2024年3月第24天,84,2024年第84天,13,2024年第13周,7,Sunday,3,2024年第3月,202403,2024-03,2024,2024年,202401,2024-Q1,1,2024年1季度,白羊座,2025-04-01 20:42:53,2025-04-01 20:42:53,2025-04-01 20:42:53
20240325,2024-03-25,25,2024年3月第25天,85,2024年第85天,13,2024年第13周,1,Monday,3,2024年第3月,202403,2024-03,2024,2024年,202401,2024-Q1,1,2024年1季度,白羊座,2025-04-01 20:42:53,2025-04-01 20:42:53,2025-04-01 20:42:53
20240326,2024-03-26,26,2024年3月第26天,86,2024年第86天,13,2024年第13周,2,Tuesday,3,2024年第3月,202403,2024-03,2024,2024年,202401,2024-Q1,1,2024年1季度,白羊座,2025-04-01 20:42:53,2025-04-01 20:42:53,2025-04-01 20:42:53
20240327,2024-03-27,27,2024年3月第27天,87,2024年第87天,13,2024年第13周,3,Wednesday,3,2024年第3月,202403,2024-03,2024,2024年,202401,2024-Q1,1,2024年1季度,白羊座,2025-04-01 20:42:53,2025-04-01 20:42:53,2025-04-01 20:42:53
20240328,2024-03-28,28,2024年3月第28天,88,2024年第88天,13,2024年第13周,4,Thursday,3,2024年第3月,202403,2024-03,2024,2024年,202401,2024-Q1,1,2024年1季度,白羊座,2025-04-01 20:42:53,2025-04-01 20:42:53,2025-04-01 20:42:53
20240329,2024-03-29,29,2024年3月第29天,89,2024年第89天,13,2024年第13周,5,Friday,3,2024年第3月,202403,2024-03,2024,2024年,202401,2024-Q1,1,2024年1季度,白羊座,2025-04-01 20:42:53,2025-04-01 20:42:53,2025-04-01 20:42:53
20240330,2024-03-30,30,2024年3月第30天,90,2024年第90天,13,2024年第13周,6,Saturday,3,2024年第3月,202403,2024-03,2024,2024年,202401,2024-Q1,1,2024年1季度,白羊座,2025-04-01 20:42:53,2025-04-01 20:42:53,2025-04-01 20:42:53
20240331,2024-03-31,31,2024年3月第31天,91,2024年第91天,14,2024年第14周,7,Sunday,3,2024年第3月,202403,2024-03,2024,2024年,202401,2024-Q1,1,2024年1季度,白羊座,2025-04-01 20:42:53,2025-04-01 20:42:53,2025-04-01 20:42:53
20240401,2024-04-01,1,2024年4月第1天,92,2024年第92天,14,2024年第14周,1,Monday,4,2024年第4月,202404,2024-04,2024,2024年,202402,2024-Q2,2,2024年2季度,白羊座,2025-04-01 20:42:53,2025-04-01 20:42:53,2025-04-01 20:42:53
20240402,2024-04-02,2,2024年4月第2天,93,2024年第93天,14,2024年第14周,2,Tuesday,4,2024年第4月,202404,2024-04,2024,2024年,202402,2024-Q2,2,2024年2季度,白羊座,2025-04-01 20:42:53,2025-04-01 20:42:53,2025-04-01 20:42:53
20240403,2024-04-03,3,2024年4月第3天,94,2024年第94天,14,2024年第14周,3,Wednesday,4,2024年第4月,202404,2024-04,2024,2024年,202402,2024-Q2,2,2024年2季度,白羊座,2025-04-01 20:42:53,2025-04-01 20:42:53,2025-04-01 20:42:53
20240404,2024-04-04,4,2024年4月第4天,95,2024年第95天,14,2024年第14周,4,Thursday,4,2024年第4月,202404,2024-04,2024,2024年,202402,2024-Q2,2,2024年2季度,白羊座,2025-04-01 20:42:53,2025-04-01 20:42:53,2025-04-01 20:42:53
20240405,2024-04-05,5,2024年4月第5天,96,2024年第96天,14,2024年第14周,5,Friday,4,2024年第4月,202404,2024-04,2024,2024年,202402,2024-Q2,2,2024年2季度,白羊座,2025-04-01 20:42:53,2025-04-01 20:42:53,2025-04-01 20:42:53
20240406,2024-04-06,6,2024年4月第6天,97,2024年第97天,14,2024年第14周,6,Saturday,4,2024年第4月,202404,2024-04,2024,2024年,202402,2024-Q2,2,2024年2季度,白羊座,2025-04-01 20:42:53,2025-04-01 20:42:53,2025-04-01 20:42:53
20240407,2024-04-07,7,2024年4月第7天,98,2024年第98天,15,2024年第15周,7,Sunday,4,2024年第4月,202404,2024-04,2024,2024年,202402,2024-Q2,2,2024年2季度,白羊座,2025-04-01 20:42:53,2025-04-01 20:42:53,2025-04-01 20:42:53
20240408,2024-04-08,8,2024年4月第8天,99,2024年第99天,15,2024年第15周,1,Monday,4,2024年第4月,202404,2024-04,2024,2024年,202402,2024-Q2,2,2024年2季度,白羊座,2025-04-01 20:42:53,2025-04-01 20:42:53,2025-04-01 20:42:53
20240409,2024-04-09,9,2024年4月第9天,100,2024年第100天,15,2024年第15周,2,Tuesday,4,2024年第4月,202404,2024-04,2024,2024年,202402,2024-Q2,2,2024年2季度,白羊座,2025-04-01 20:42:53,2025-04-01 20:42:53,2025-04-01 20:42:53
20240410,2024-04-10,10,2024年4月第10天,101,2024年第101天,15,2024年第15周,3,Wednesday,4,2024年第4月,202404,2024-04,2024,2024年,202402,2024-Q2,2,2024年2季度,白羊座,2025-04-01 20:42:53,2025-04-01 20:42:53,2025-04-01 20:42:53
20240411,2024-04-11,11,2024年4月第11天,102,2024年第102天,15,2024年第15周,4,Thursday,4,2024年第4月,202404,2024-04,2024,2024年,202402,2024-Q2,2,2024年2季度,白羊座,2025-04-01 20:42:53,2025-04-01 20:42:53,2025-04-01 20:42:53
20240412,2024-04-12,12,2024年4月第12天,103,2024年第103天,15,2024年第15周,5,Friday,4,2024年第4月,202404,2024-04,2024,2024年,202402,2024-Q2,2,2024年2季度,白羊座,2025-04-01 20:42:53,2025-04-01 20:42:53,2025-04-01 20:42:53
20240413,2024-04-13,13,2024年4月第13天,104,2024年第104天,15,2024年第15周,6,Saturday,4,2024年第4月,202404,2024-04,2024,2024年,202402,2024-Q2,2,2024年2季度,白羊座,2025-04-01 20:42:53,2025-04-01 20:42:53,2025-04-01 20:42:53
20240414,2024-04-14,14,2024年4月第14天,105,2024年第105天,16,2024年第16周,7,Sunday,4,2024年第4月,202404,2024-04,2024,2024年,202402,2024-Q2,2,2024年2季度,白羊座,2025-04-01 20:42:53,2025-04-01 20:42:53,2025-04-01 20:42:53
20240415,2024-04-15,15,2024年4月第15天,106,2024年第106天,16,2024年第16周,1,Monday,4,2024年第4月,202404,2024-04,2024,2024年,202402,2024-Q2,2,2024年2季度,白羊座,2025-04-01 20:42:53,2025-04-01 20:42:53,2025-04-01 20:42:53
20240416,2024-04-16,16,2024年4月第16天,107,2024年第107天,16,2024年第16周,2,Tuesday,4,2024年第4月,202404,2024-04,2024,2024年,202402,2024-Q2,2,2024年2季度,白羊座,2025-04-01 20:42:53,2025-04-01 20:42:53,2025-04-01 20:42:53
20240417,2024-04-17,17,2024年4月第17天,108,2024年第108天,16,2024年第16周,3,Wednesday,4,2024年第4月,202404,2024-04,2024,2024年,202402,2024-Q2,2,2024年2季度,白羊座,2025-04-01 20:42:53,2025-04-01 20:42:53,2025-04-01 20:42:53
20240418,2024-04-18,18,2024年4月第18天,109,2024年第109天,16,2024年第16周,4,Thursday,4,2024年第4月,202404,2024-04,2024,2024年,202402,2024-Q2,2,2024年2季度,白羊座,2025-04-01 20:42:53,2025-04-01 20:42:53,2025-04-01 20:42:53
20240419,2024-04-19,19,2024年4月第19天,110,2024年第110天,16,2024年第16周,5,Friday,4,2024年第4月,202404,2024-04,2024,2024年,202402,2024-Q2,2,2024年2季度,白羊座,2025-04-01 20:42:53,2025-04-01 20:42:53,2025-04-01 20:42:53
20240420,2024-04-20,20,2024年4月第20天,111,2024年第111天,16,2024年第16周,6,Saturday,4,2024年第4月,202404,2024-04,2024,2024年,202402,2024-Q2,2,2024年2季度,金牛座,2025-04-01 20:42:53,2025-04-01 20:42:53,2025-04-01 20:42:53
20240421,2024-04-21,21,2024年4月第21天,112,2024年第112天,17,2024年第17周,7,Sunday,4,2024年第4月,202404,2024-04,2024,2024年,202402,2024-Q2,2,2024年2季度,金牛座,2025-04-01 20:42:53,2025-04-01 20:42:53,2025-04-01 20:42:53
20240422,2024-04-22,22,2024年4月第22天,113,2024年第113天,17,2024年第17周,1,Monday,4,2024年第4月,202404,2024-04,2024,2024年,202402,2024-Q2,2,2024年2季度,金牛座,2025-04-01 20:42:53,2025-04-01 20:42:53,2025-04-01 20:42:53
20240423,2024-04-23,23,2024年4月第23天,114,2024年第114天,17,2024年第17周,2,Tuesday,4,2024年第4月,202404,2024-04,2024,2024年,202402,2024-Q2,2,2024年2季度,金牛座,2025-04-01 20:42:53,2025-04-01 20:42:53,2025-04-01 20:42:53
20240424,2024-04-24,24,2024年4月第24天,115,2024年第115天,17,2024年第17周,3,Wednesday,4,2024年第4月,202404,2024-04,2024,2024年,202402,2024-Q2,2,2024年2季度,金牛座,2025-04-01 20:42:53,2025-04-01 20:42:53,2025-04-01 20:42:53
20240425,2024-04-25,25,2024年4月第25天,116,2024年第116天,17,2024年第17周,4,Thursday,4,2024年第4月,202404,2024-04,2024,2024年,202402,2024-Q2,2,2024年2季度,金牛座,2025-04-01 20:42:53,2025-04-01 20:42:53,2025-04-01 20:42:53
20240426,2024-04-26,26,2024年4月第26天,117,2024年第117天,17,2024年第17周,5,Friday,4,2024年第4月,202404,2024-04,2024,2024年,202402,2024-Q2,2,2024年2季度,金牛座,2025-04-01 20:42:53,2025-04-01 20:42:53,2025-04-01 20:42:53
20240427,2024-04-27,27,2024年4月第27天,118,2024年第118天,17,2024年第17周,6,Saturday,4,2024年第4月,202404,2024-04,2024,2024年,202402,2024-Q2,2,2024年2季度,金牛座,2025-04-01 20:42:53,2025-04-01 20:42:53,2025-04-01 20:42:53
20240428,2024-04-28,28,2024年4月第28天,119,2024年第119天,18,2024年第18周,7,Sunday,4,2024年第4月,202404,2024-04,2024,2024年,202402,2024-Q2,2,2024年2季度,金牛座,2025-04-01 20:42:53,2025-04-01 20:42:53,2025-04-01 20:42:53
20240429,2024-04-29,29,2024年4月第29天,120,2024年第120天,18,2024年第18周,1,Monday,4,2024年第4月,202404,2024-04,2024,2024年,202402,2024-Q2,2,2024年2季度,金牛座,2025-04-01 20:42:53,2025-04-01 20:42:53,2025-04-01 20:42:53
20240430,2024-04-30,30,2024年4月第30天,121,2024年第121天,18,2024年第18周,2,Tuesday,4,2024年第4月,202404,2024-04,2024,2024年,202402,2024-Q2,2,2024年2季度,金牛座,2025-04-01 20:42:53,2025-04-01 20:42:53,2025-04-01 20:42:53
20240501,2024-05-01,1,2024年5月第1天,122,2024年第122天,18,2024年第18周,3,Wednesday,5,2024年第5月,202405,2024-05,2024,2024年,202402,2024-Q2,2,2024年2季度,金牛座,2025-04-01 20:42:53,2025-04-01 20:42:53,2025-04-01 20:42:53
20240502,2024-05-02,2,2024年5月第2天,123,2024年第123天,18,2024年第18周,4,Thursday,5,2024年第5月,202405,2024-05,2024,2024年,202402,2024-Q2,2,2024年2季度,金牛座,2025-04-01 20:42:53,2025-04-01 20:42:53,2025-04-01 20:42:53
20240503,2024-05-03,3,2024年5月第3天,124,2024年第124天,18,2024年第18周,5,Friday,5,2024年第5月,202405,2024-05,2024,2024年,202402,2024-Q2,2,2024年2季度,金牛座,2025-04-01 20:42:53,2025-04-01 20:42:53,2025-04-01 20:42:53
20240504,2024-05-04,4,2024年5月第4天,125,2024年第125天,18,2024年第18周,6,Saturday,5,2024年第5月,202405,2024-05,2024,2024年,202402,2024-Q2,2,2024年2季度,金牛座,2025-04-01 20:42:53,2025-04-01 20:42:53,2025-04-01 20:42:53
20240505,2024-05-05,5,2024年5月第5天,126,2024年第126天,19,2024年第19周,7,Sunday,5,2024年第5月,202405,2024-05,2024,2024年,202402,2024-Q2,2,2024年2季度,金牛座,2025-04-01 20:42:53,2025-04-01 20:42:53,2025-04-01 20:42:53
20240506,2024-05-06,6,2024年5月第6天,127,2024年第127天,19,2024年第19周,1,Monday,5,2024年第5月,202405,2024-05,2024,2024年,202402,2024-Q2,2,2024年2季度,金牛座,2025-04-01 20:42:53,2025-04-01 20:42:53,2025-04-01 20:42:53
20240507,2024-05-07,7,2024年5月第7天,128,2024年第128天,19,2024年第19周,2,Tuesday,5,2024年第5月,202405,2024-05,2024,2024年,202402,2024-Q2,2,2024年2季度,金牛座,2025-04-01 20:42:53,2025-04-01 20:42:53,2025-04-01 20:42:53
20240508,2024-05-08,8,2024年5月第8天,129,2024年第129天,19,2024年第19周,3,Wednesday,5,2024年第5月,202405,2024-05,2024,2024年,202402,2024-Q2,2,2024年2季度,金牛座,2025-04-01 20:42:53,2025-04-01 20:42:53,2025-04-01 20:42:53
20240509,2024-05-09,9,2024年5月第9天,130,2024年第130天,19,2024年第19周,4,Thursday,5,2024年第5月,202405,2024-05,2024,2024年,202402,2024-Q2,2,2024年2季度,金牛座,2025-04-01 20:42:53,2025-04-01 20:42:53,2025-04-01 20:42:53
20240510,2024-05-10,10,2024年5月第10天,131,2024年第131天,19,2024年第19周,5,Friday,5,2024年第5月,202405,2024-05,2024,2024年,202402,2024-Q2,2,2024年2季度,金牛座,2025-04-01 20:42:53,2025-04-01 20:42:53,2025-04-01 20:42:53
20240511,2024-05-11,11,2024年5月第11天,132,2024年第132天,19,2024年第19周,6,Saturday,5,2024年第5月,202405,2024-05,2024,2024年,202402,2024-Q2,2,2024年2季度,金牛座,2025-04-01 20:42:53,2025-04-01 20:42:53,2025-04-01 20:42:53
20240512,2024-05-12,12,2024年5月第12天,133,2024年第133天,20,2024年第20周,7,Sunday,5,2024年第5月,202405,2024-05,2024,2024年,202402,2024-Q2,2,2024年2季度,金牛座,2025-04-01 20:42:53,2025-04-01 20:42:53,2025-04-01 20:42:53
20240513,2024-05-13,13,2024年5月第13天,134,2024年第134天,20,2024年第20周,1,Monday,5,2024年第5月,202405,2024-05,2024,2024年,202402,2024-Q2,2,2024年2季度,金牛座,2025-04-01 20:42:53,2025-04-01 20:42:53,2025-04-01 20:42:53
20240514,2024-05-14,14,2024年5月第14天,135,2024年第135天,20,2024年第20周,2,Tuesday,5,2024年第5月,202405,2024-05,2024,2024年,202402,2024-Q2,2,2024年2季度,金牛座,2025-04-01 20:42:53,2025-04-01 20:42:53,2025-04-01 20:42:53
20240515,2024-05-15,15,2024年5月第15天,136,2024年第136天,20,2024年第20周,3,Wednesday,5,2024年第5月,202405,2024-05,2024,2024年,202402,2024-Q2,2,2024年2季度,金牛座,2025-04-01 20:42:53,2025-04-01 20:42:53,2025-04-01 20:42:53
20240516,2024-05-16,16,2024年5月第16天,137,2024年第137天,20,2024年第20周,4,Thursday,5,2024年第5月,202405,2024-05,2024,2024年,202402,2024-Q2,2,2024年2季度,金牛座,2025-04-01 20:42:53,2025-04-01 20:42:53,2025-04-01 20:42:53
20240517,2024-05-17,17,2024年5月第17天,138,2024年第138天,20,2024年第20周,5,Friday,5,2024年第5月,202405,2024-05,2024,2024年,202402,2024-Q2,2,2024年2季度,金牛座,2025-04-01 20:42:53,2025-04-01 20:42:53,2025-04-01 20:42:53
20240518,2024-05-18,18,2024年5月第18天,139,2024年第139天,20,2024年第20周,6,Saturday,5,2024年第5月,202405,2024-05,2024,2024年,202402,2024-Q2,2,2024年2季度,金牛座,2025-04-01 20:42:53,2025-04-01 20:42:53,2025-04-01 20:42:53
20240519,2024-05-19,19,2024年5月第19天,140,2024年第140天,21,2024年第21周,7,Sunday,5,2024年第5月,202405,2024-05,2024,2024年,202402,2024-Q2,2,2024年2季度,金牛座,2025-04-01 20:42:53,2025-04-01 20:42:53,2025-04-01 20:42:53
20240520,2024-05-20,20,2024年5月第20天,141,2024年第141天,21,2024年第21周,1,Monday,5,2024年第5月,202405,2024-05,2024,2024年,202402,2024-Q2,2,2024年2季度,金牛座,2025-04-01 20:42:53,2025-04-01 20:42:53,2025-04-01 20:42:53
20240521,2024-05-21,21,2024年5月第21天,142,2024年第142天,21,2024年第21周,2,Tuesday,5,2024年第5月,202405,2024-05,2024,2024年,202402,2024-Q2,2,2024年2季度,双子座,2025-04-01 20:42:53,2025-04-01 20:42:53,2025-04-01 20:42:53
20240522,2024-05-22,22,2024年5月第22天,143,2024年第143天,21,2024年第21周,3,Wednesday,5,2024年第5月,202405,2024-05,2024,2024年,202402,2024-Q2,2,2024年2季度,双子座,2025-04-01 20:42:53,2025-04-01 20:42:53,2025-04-01 20:42:53
20240523,2024-05-23,23,2024年5月第23天,144,2024年第144天,21,2024年第21周,4,Thursday,5,2024年第5月,202405,2024-05,2024,2024年,202402,2024-Q2,2,2024年2季度,双子座,2025-04-01 20:42:53,2025-04-01 20:42:53,2025-04-01 20:42:53
20240524,2024-05-24,24,2024年5月第24天,145,2024年第145天,21,2024年第21周,5,Friday,5,2024年第5月,202405,2024-05,2024,2024年,202402,2024-Q2,2,2024年2季度,双子座,2025-04-01 20:42:53,2025-04-01 20:42:53,2025-04-01 20:42:53
20240525,2024-05-25,25,2024年5月第25天,146,2024年第146天,21,2024年第21周,6,Saturday,5,2024年第5月,202405,2024-05,2024,2024年,202402,2024-Q2,2,2024年2季度,双子座,2025-04-01 20:42:53,2025-04-01 20:42:53,2025-04-01 20:42:53
20240526,2024-05-26,26,2024年5月第26天,147,2024年第147天,22,2024年第22周,7,Sunday,5,2024年第5月,202405,2024-05,2024,2024年,202402,2024-Q2,2,2024年2季度,双子座,2025-04-01 20:42:53,2025-04-01 20:42:53,2025-04-01 20:42:53
20240527,2024-05-27,27,2024年5月第27天,148,2024年第148天,22,2024年第22周,1,Monday,5,2024年第5月,202405,2024-05,2024,2024年,202402,2024-Q2,2,2024年2季度,双子座,2025-04-01 20:42:53,2025-04-01 20:42:53,2025-04-01 20:42:53
20240528,2024-05-28,28,2024年5月第28天,149,2024年第149天,22,2024年第22周,2,Tuesday,5,2024年第5月,202405,2024-05,2024,2024年,202402,2024-Q2,2,2024年2季度,双子座,2025-04-01 20:42:53,2025-04-01 20:42:53,2025-04-01 20:42:53
20240529,2024-05-29,29,2024年5月第29天,150,2024年第150天,22,2024年第22周,3,Wednesday,5,2024年第5月,202405,2024-05,2024,2024年,202402,2024-Q2,2,2024年2季度,双子座,2025-04-01 20:42:53,2025-04-01 20:42:53,2025-04-01 20:42:53
20240530,2024-05-30,30,2024年5月第30天,151,2024年第151天,22,2024年第22周,4,Thursday,5,2024年第5月,202405,2024-05,2024,2024年,202402,2024-Q2,2,2024年2季度,双子座,2025-04-01 20:42:53,2025-04-01 20:42:53,2025-04-01 20:42:53
20240531,2024-05-31,31,2024年5月第31天,152,2024年第152天,22,2024年第22周,5,Friday,5,2024年第5月,202405,2024-05,2024,2024年,202402,2024-Q2,2,2024年2季度,双子座,2025-04-01 20:42:53,2025-04-01 20:42:53,2025-04-01 20:42:53
20240601,2024-06-01,1,2024年6月第1天,153,2024年第153天,22,2024年第22周,6,Saturday,6,2024年第6月,202406,2024-06,2024,2024年,202402,2024-Q2,2,2024年2季度,双子座,2025-04-01 20:42:53,2025-04-01 20:42:53,2025-04-01 20:42:53
20240602,2024-06-02,2,2024年6月第2天,154,2024年第154天,23,2024年第23周,7,Sunday,6,2024年第6月,202406,2024-06,2024,2024年,202402,2024-Q2,2,2024年2季度,双子座,2025-04-01 20:42:53,2025-04-01 20:42:53,2025-04-01 20:42:53
20240603,2024-06-03,3,2024年6月第3天,155,2024年第155天,23,2024年第23周,1,Monday,6,2024年第6月,202406,2024-06,2024,2024年,202402,2024-Q2,2,2024年2季度,双子座,2025-04-01 20:42:53,2025-04-01 20:42:53,2025-04-01 20:42:53
20240604,2024-06-04,4,2024年6月第4天,156,2024年第156天,23,2024年第23周,2,Tuesday,6,2024年第6月,202406,2024-06,2024,2024年,202402,2024-Q2,2,2024年2季度,双子座,2025-04-01 20:42:53,2025-04-01 20:42:53,2025-04-01 20:42:53
20240605,2024-06-05,5,2024年6月第5天,157,2024年第157天,23,2024年第23周,3,Wednesday,6,2024年第6月,202406,2024-06,2024,2024年,202402,2024-Q2,2,2024年2季度,双子座,2025-04-01 20:42:53,2025-04-01 20:42:53,2025-04-01 20:42:53
20240606,2024-06-06,6,2024年6月第6天,158,2024年第158天,23,2024年第23周,4,Thursday,6,2024年第6月,202406,2024-06,2024,2024年,202402,2024-Q2,2,2024年2季度,双子座,2025-04-01 20:42:53,2025-04-01 20:42:53,2025-04-01 20:42:53
20240607,2024-06-07,7,2024年6月第7天,159,2024年第159天,23,2024年第23周,5,Friday,6,2024年第6月,202406,2024-06,2024,2024年,202402,2024-Q2,2,2024年2季度,双子座,2025-04-01 20:42:53,2025-04-01 20:42:53,2025-04-01 20:42:53
20240608,2024-06-08,8,2024年6月第8天,160,2024年第160天,23,2024年第23周,6,Saturday,6,2024年第6月,202406,2024-06,2024,2024年,202402,2024-Q2,2,2024年2季度,双子座,2025-04-01 20:42:53,2025-04-01 20:42:53,2025-04-01 20:42:53
20240609,2024-06-09,9,2024年6月第9天,161,2024年第161天,24,2024年第24周,7,Sunday,6,2024年第6月,202406,2024-06,2024,2024年,202402,2024-Q2,2,2024年2季度,双子座,2025-04-01 20:42:53,2025-04-01 20:42:53,2025-04-01 20:42:53
20240610,2024-06-10,10,2024年6月第10天,162,2024年第162天,24,2024年第24周,1,Monday,6,2024年第6月,202406,2024-06,2024,2024年,202402,2024-Q2,2,2024年2季度,双子座,2025-04-01 20:42:53,2025-04-01 20:42:53,2025-04-01 20:42:53
20240611,2024-06-11,11,2024年6月第11天,163,2024年第163天,24,2024年第24周,2,Tuesday,6,2024年第6月,202406,2024-06,2024,2024年,202402,2024-Q2,2,2024年2季度,双子座,2025-04-01 20:42:53,2025-04-01 20:42:53,2025-04-01 20:42:53
20240612,2024-06-12,12,2024年6月第12天,164,2024年第164天,24,2024年第24周,3,Wednesday,6,2024年第6月,202406,2024-06,2024,2024年,202402,2024-Q2,2,2024年2季度,双子座,2025-04-01 20:42:53,2025-04-01 20:42:53,2025-04-01 20:42:53
20240613,2024-06-13,13,2024年6月第13天,165,2024年第165天,24,2024年第24周,4,Thursday,6,2024年第6月,202406,2024-06,2024,2024年,202402,2024-Q2,2,2024年2季度,双子座,2025-04-01 20:42:53,2025-04-01 20:42:53,2025-04-01 20:42:53
20240614,2024-06-14,14,2024年6月第14天,166,2024年第166天,24,2024年第24周,5,Friday,6,2024年第6月,202406,2024-06,2024,2024年,202402,2024-Q2,2,2024年2季度,双子座,2025-04-01 20:42:53,2025-04-01 20:42:53,2025-04-01 20:42:53
20240615,2024-06-15,15,2024年6月第15天,167,2024年第167天,24,2024年第24周,6,Saturday,6,2024年第6月,202406,2024-06,2024,2024年,202402,2024-Q2,2,2024年2季度,双子座,2025-04-01 20:42:53,2025-04-01 20:42:53,2025-04-01 20:42:53
20240616,2024-06-16,16,2024年6月第16天,168,2024年第168天,25,2024年第25周,7,Sunday,6,2024年第6月,202406,2024-06,2024,2024年,202402,2024-Q2,2,2024年2季度,双子座,2025-04-01 20:42:53,2025-04-01 20:42:53,2025-04-01 20:42:53
20240617,2024-06-17,17,2024年6月第17天,169,2024年第169天,25,2024年第25周,1,Monday,6,2024年第6月,202406,2024-06,2024,2024年,202402,2024-Q2,2,2024年2季度,双子座,2025-04-01 20:42:53,2025-04-01 20:42:53,2025-04-01 20:42:53
20240618,2024-06-18,18,2024年6月第18天,170,2024年第170天,25,2024年第25周,2,Tuesday,6,2024年第6月,202406,2024-06,2024,2024年,202402,2024-Q2,2,2024年2季度,双子座,2025-04-01 20:42:53,2025-04-01 20:42:53,2025-04-01 20:42:53
20240619,2024-06-19,19,2024年6月第19天,171,2024年第171天,25,2024年第25周,3,Wednesday,6,2024年第6月,202406,2024-06,2024,2024年,202402,2024-Q2,2,2024年2季度,双子座,2025-04-01 20:42:53,2025-04-01 20:42:53,2025-04-01 20:42:53
20240620,2024-06-20,20,2024年6月第20天,172,2024年第172天,25,2024年第25周,4,Thursday,6,2024年第6月,202406,2024-06,2024,2024年,202402,2024-Q2,2,2024年2季度,双子座,2025-04-01 20:42:53,2025-04-01 20:42:53,2025-04-01 20:42:53
20240621,2024-06-21,21,2024年6月第21天,173,2024年第173天,25,2024年第25周,5,Friday,6,2024年第6月,202406,2024-06,2024,2024年,202402,2024-Q2,2,2024年2季度,双子座,2025-04-01 20:42:53,2025-04-01 20:42:53,2025-04-01 20:42:53
20240622,2024-06-22,22,2024年6月第22天,174,2024年第174天,25,2024年第25周,6,Saturday,6,2024年第6月,202406,2024-06,2024,2024年,202402,2024-Q2,2,2024年2季度,巨蟹座,2025-04-01 20:42:53,2025-04-01 20:42:53,2025-04-01 20:42:53
20240623,2024-06-23,23,2024年6月第23天,175,2024年第175天,26,2024年第26周,7,Sunday,6,2024年第6月,202406,2024-06,2024,2024年,202402,2024-Q2,2,2024年2季度,巨蟹座,2025-04-01 20:42:53,2025-04-01 20:42:53,2025-04-01 20:42:53
20240624,2024-06-24,24,2024年6月第24天,176,2024年第176天,26,2024年第26周,1,Monday,6,2024年第6月,202406,2024-06,2024,2024年,202402,2024-Q2,2,2024年2季度,巨蟹座,2025-04-01 20:42:53,2025-04-01 20:42:53,2025-04-01 20:42:53
20240625,2024-06-25,25,2024年6月第25天,177,2024年第177天,26,2024年第26周,2,Tuesday,6,2024年第6月,202406,2024-06,2024,2024年,202402,2024-Q2,2,2024年2季度,巨蟹座,2025-04-01 20:42:53,2025-04-01 20:42:53,2025-04-01 20:42:53
20240626,2024-06-26,26,2024年6月第26天,178,2024年第178天,26,2024年第26周,3,Wednesday,6,2024年第6月,202406,2024-06,2024,2024年,202402,2024-Q2,2,2024年2季度,巨蟹座,2025-04-01 20:42:53,2025-04-01 20:42:53,2025-04-01 20:42:53
20240627,2024-06-27,27,2024年6月第27天,179,2024年第179天,26,2024年第26周,4,Thursday,6,2024年第6月,202406,2024-06,2024,2024年,202402,2024-Q2,2,2024年2季度,巨蟹座,2025-04-01 20:42:53,2025-04-01 20:42:53,2025-04-01 20:42:53
20240628,2024-06-28,28,2024年6月第28天,180,2024年第180天,26,2024年第26周,5,Friday,6,2024年第6月,202406,2024-06,2024,2024年,202402,2024-Q2,2,2024年2季度,巨蟹座,2025-04-01 20:42:53,2025-04-01 20:42:53,2025-04-01 20:42:53
20240629,2024-06-29,29,2024年6月第29天,181,2024年第181天,26,2024年第26周,6,Saturday,6,2024年第6月,202406,2024-06,2024,2024年,202402,2024-Q2,2,2024年2季度,巨蟹座,2025-04-01 20:42:53,2025-04-01 20:42:53,2025-04-01 20:42:53
20240630,2024-06-30,30,2024年6月第30天,182,2024年第182天,27,2024年第27周,7,Sunday,6,2024年第6月,202406,2024-06,2024,2024年,202402,2024-Q2,2,2024年2季度,巨蟹座,2025-04-01 20:42:53,2025-04-01 20:42:53,2025-04-01 20:42:53
20240701,2024-07-01,1,2024年7月第1天,183,2024年第183天,27,2024年第27周,1,Monday,7,2024年第7月,202407,2024-07,2024,2024年,202403,2024-Q3,3,2024年3季度,巨蟹座,2025-04-01 20:42:53,2025-04-01 20:42:53,2025-04-01 20:42:53
20240702,2024-07-02,2,2024年7月第2天,184,2024年第184天,27,2024年第27周,2,Tuesday,7,2024年第7月,202407,2024-07,2024,2024年,202403,2024-Q3,3,2024年3季度,巨蟹座,2025-04-01 20:42:53,2025-04-01 20:42:53,2025-04-01 20:42:53
20240703,2024-07-03,3,2024年7月第3天,185,2024年第185天,27,2024年第27周,3,Wednesday,7,2024年第7月,202407,2024-07,2024,2024年,202403,2024-Q3,3,2024年3季度,巨蟹座,2025-04-01 20:42:53,2025-04-01 20:42:53,2025-04-01 20:42:53
20240704,2024-07-04,4,2024年7月第4天,186,2024年第186天,27,2024年第27周,4,Thursday,7,2024年第7月,202407,2024-07,2024,2024年,202403,2024-Q3,3,2024年3季度,巨蟹座,2025-04-01 20:42:53,2025-04-01 20:42:53,2025-04-01 20:42:53
20240705,2024-07-05,5,2024年7月第5天,187,2024年第187天,27,2024年第27周,5,Friday,7,2024年第7月,202407,2024-07,2024,2024年,202403,2024-Q3,3,2024年3季度,巨蟹座,2025-04-01 20:42:53,2025-04-01 20:42:53,2025-04-01 20:42:53
20240706,2024-07-06,6,2024年7月第6天,188,2024年第188天,27,2024年第27周,6,Saturday,7,2024年第7月,202407,2024-07,2024,2024年,202403,2024-Q3,3,2024年3季度,巨蟹座,2025-04-01 20:42:53,2025-04-01 20:42:53,2025-04-01 20:42:53
20240707,2024-07-07,7,2024年7月第7天,189,2024年第189天,28,2024年第28周,7,Sunday,7,2024年第7月,202407,2024-07,2024,2024年,202403,2024-Q3,3,2024年3季度,巨蟹座,2025-04-01 20:42:53,2025-04-01 20:42:53,2025-04-01 20:42:53
20240708,2024-07-08,8,2024年7月第8天,190,2024年第190天,28,2024年第28周,1,Monday,7,2024年第7月,202407,2024-07,2024,2024年,202403,2024-Q3,3,2024年3季度,巨蟹座,2025-04-01 20:42:53,2025-04-01 20:42:53,2025-04-01 20:42:53
20240709,2024-07-09,9,2024年7月第9天,191,2024年第191天,28,2024年第28周,2,Tuesday,7,2024年第7月,202407,2024-07,2024,2024年,202403,2024-Q3,3,2024年3季度,巨蟹座,2025-04-01 20:42:53,2025-04-01 20:42:53,2025-04-01 20:42:53
20240710,2024-07-10,10,2024年7月第10天,192,2024年第192天,28,2024年第28周,3,Wednesday,7,2024年第7月,202407,2024-07,2024,2024年,202403,2024-Q3,3,2024年3季度,巨蟹座,2025-04-01 20:42:53,2025-04-01 20:42:53,2025-04-01 20:42:53
20240711,2024-07-11,11,2024年7月第11天,193,2024年第193天,28,2024年第28周,4,Thursday,7,2024年第7月,202407,2024-07,2024,2024年,202403,2024-Q3,3,2024年3季度,巨蟹座,2025-04-01 20:42:53,2025-04-01 20:42:53,2025-04-01 20:42:53
20240712,2024-07-12,12,2024年7月第12天,194,2024年第194天,28,2024年第28周,5,Friday,7,2024年第7月,202407,2024-07,2024,2024年,202403,2024-Q3,3,2024年3季度,巨蟹座,2025-04-01 20:42:53,2025-04-01 20:42:53,2025-04-01 20:42:53
20240713,2024-07-13,13,2024年7月第13天,195,2024年第195天,28,2024年第28周,6,Saturday,7,2024年第7月,202407,2024-07,2024,2024年,202403,2024-Q3,3,2024年3季度,巨蟹座,2025-04-01 20:42:53,2025-04-01 20:42:53,2025-04-01 20:42:53
20240714,2024-07-14,14,2024年7月第14天,196,2024年第196天,29,2024年第29周,7,Sunday,7,2024年第7月,202407,2024-07,2024,2024年,202403,2024-Q3,3,2024年3季度,巨蟹座,2025-04-01 20:42:53,2025-04-01 20:42:53,2025-04-01 20:42:53
20240715,2024-07-15,15,2024年7月第15天,197,2024年第197天,29,2024年第29周,1,Monday,7,2024年第7月,202407,2024-07,2024,2024年,202403,2024-Q3,3,2024年3季度,巨蟹座,2025-04-01 20:42:53,2025-04-01 20:42:53,2025-04-01 20:42:53
20240716,2024-07-16,16,2024年7月第16天,198,2024年第198天,29,2024年第29周,2,Tuesday,7,2024年第7月,202407,2024-07,2024,2024年,202403,2024-Q3,3,2024年3季度,巨蟹座,2025-04-01 20:42:53,2025-04-01 20:42:53,2025-04-01 20:42:53
20240717,2024-07-17,17,2024年7月第17天,199,2024年第199天,29,2024年第29周,3,Wednesday,7,2024年第7月,202407,2024-07,2024,2024年,202403,2024-Q3,3,2024年3季度,巨蟹座,2025-04-01 20:42:53,2025-04-01 20:42:53,2025-04-01 20:42:53
20240718,2024-07-18,18,2024年7月第18天,200,2024年第200天,29,2024年第29周,4,Thursday,7,2024年第7月,202407,2024-07,2024,2024年,202403,2024-Q3,3,2024年3季度,巨蟹座,2025-04-01 20:42:53,2025-04-01 20:42:53,2025-04-01 20:42:53
20240719,2024-07-19,19,2024年7月第19天,201,2024年第201天,29,2024年第29周,5,Friday,7,2024年第7月,202407,2024-07,2024,2024年,202403,2024-Q3,3,2024年3季度,巨蟹座,2025-04-01 20:42:53,2025-04-01 20:42:53,2025-04-01 20:42:53
20240720,2024-07-20,20,2024年7月第20天,202,2024年第202天,29,2024年第29周,6,Saturday,7,2024年第7月,202407,2024-07,2024,2024年,202403,2024-Q3,3,2024年3季度,巨蟹座,2025-04-01 20:42:53,2025-04-01 20:42:53,2025-04-01 20:42:53
20240721,2024-07-21,21,2024年7月第21天,203,2024年第203天,30,2024年第30周,7,Sunday,7,2024年第7月,202407,2024-07,2024,2024年,202403,2024-Q3,3,2024年3季度,巨蟹座,2025-04-01 20:42:53,2025-04-01 20:42:53,2025-04-01 20:42:53
20240722,2024-07-22,22,2024年7月第22天,204,2024年第204天,30,2024年第30周,1,Monday,7,2024年第7月,202407,2024-07,2024,2024年,202403,2024-Q3,3,2024年3季度,巨蟹座,2025-04-01 20:42:53,2025-04-01 20:42:53,2025-04-01 20:42:53
20240723,2024-07-23,23,2024年7月第23天,205,2024年第205天,30,2024年第30周,2,Tuesday,7,2024年第7月,202407,2024-07,2024,2024年,202403,2024-Q3,3,2024年3季度,狮子座,2025-04-01 20:42:53,2025-04-01 20:42:53,2025-04-01 20:42:53
20240724,2024-07-24,24,2024年7月第24天,206,2024年第206天,30,2024年第30周,3,Wednesday,7,2024年第7月,202407,2024-07,2024,2024年,202403,2024-Q3,3,2024年3季度,狮子座,2025-04-01 20:42:53,2025-04-01 20:42:53,2025-04-01 20:42:53
20240725,2024-07-25,25,2024年7月第25天,207,2024年第207天,30,2024年第30周,4,Thursday,7,2024年第7月,202407,2024-07,2024,2024年,202403,2024-Q3,3,2024年3季度,狮子座,2025-04-01 20:42:53,2025-04-01 20:42:53,2025-04-01 20:42:53
20240726,2024-07-26,26,2024年7月第26天,208,2024年第208天,30,2024年第30周,5,Friday,7,2024年第7月,202407,2024-07,2024,2024年,202403,2024-Q3,3,2024年3季度,狮子座,2025-04-01 20:42:53,2025-04-01 20:42:53,2025-04-01 20:42:53
20240727,2024-07-27,27,2024年7月第27天,209,2024年第209天,30,2024年第30周,6,Saturday,7,2024年第7月,202407,2024-07,2024,2024年,202403,2024-Q3,3,2024年3季度,狮子座,2025-04-01 20:42:53,2025-04-01 20:42:53,2025-04-01 20:42:53
20240728,2024-07-28,28,2024年7月第28天,210,2024年第210天,31,2024年第31周,7,Sunday,7,2024年第7月,202407,2024-07,2024,2024年,202403,2024-Q3,3,2024年3季度,狮子座,2025-04-01 20:42:53,2025-04-01 20:42:53,2025-04-01 20:42:53
20240729,2024-07-29,29,2024年7月第29天,211,2024年第211天,31,2024年第31周,1,Monday,7,2024年第7月,202407,2024-07,2024,2024年,202403,2024-Q3,3,2024年3季度,狮子座,2025-04-01 20:42:53,2025-04-01 20:42:53,2025-04-01 20:42:53
20240730,2024-07-30,30,2024年7月第30天,212,2024年第212天,31,2024年第31周,2,Tuesday,7,2024年第7月,202407,2024-07,2024,2024年,202403,2024-Q3,3,2024年3季度,狮子座,2025-04-01 20:42:53,2025-04-01 20:42:53,2025-04-01 20:42:53
20240731,2024-07-31,31,2024年7月第31天,213,2024年第213天,31,2024年第31周,3,Wednesday,7,2024年第7月,202407,2024-07,2024,2024年,202403,2024-Q3,3,2024年3季度,狮子座,2025-04-01 20:42:53,2025-04-01 20:42:53,2025-04-01 20:42:53
20240801,2024-08-01,1,2024年8月第1天,214,2024年第214天,31,2024年第31周,4,Thursday,8,2024年第8月,202408,2024-08,2024,2024年,202403,2024-Q3,3,2024年3季度,狮子座,2025-04-01 20:42:53,2025-04-01 20:42:53,2025-04-01 20:42:53
20240802,2024-08-02,2,2024年8月第2天,215,2024年第215天,31,2024年第31周,5,Friday,8,2024年第8月,202408,2024-08,2024,2024年,202403,2024-Q3,3,2024年3季度,狮子座,2025-04-01 20:42:53,2025-04-01 20:42:53,2025-04-01 20:42:53
20240803,2024-08-03,3,2024年8月第3天,216,2024年第216天,31,2024年第31周,6,Saturday,8,2024年第8月,202408,2024-08,2024,2024年,202403,2024-Q3,3,2024年3季度,狮子座,2025-04-01 20:42:53,2025-04-01 20:42:53,2025-04-01 20:42:53
20240804,2024-08-04,4,2024年8月第4天,217,2024年第217天,32,2024年第32周,7,Sunday,8,2024年第8月,202408,2024-08,2024,2024年,202403,2024-Q3,3,2024年3季度,狮子座,2025-04-01 20:42:53,2025-04-01 20:42:53,2025-04-01 20:42:53
20240805,2024-08-05,5,2024年8月第5天,218,2024年第218天,32,2024年第32周,1,Monday,8,2024年第8月,202408,2024-08,2024,2024年,202403,2024-Q3,3,2024年3季度,狮子座,2025-04-01 20:42:53,2025-04-01 20:42:53,2025-04-01 20:42:53
20240806,2024-08-06,6,2024年8月第6天,219,2024年第219天,32,2024年第32周,2,Tuesday,8,2024年第8月,202408,2024-08,2024,2024年,202403,2024-Q3,3,2024年3季度,狮子座,2025-04-01 20:42:53,2025-04-01 20:42:53,2025-04-01 20:42:53
20240807,2024-08-07,7,2024年8月第7天,220,2024年第220天,32,2024年第32周,3,Wednesday,8,2024年第8月,202408,2024-08,2024,2024年,202403,2024-Q3,3,2024年3季度,狮子座,2025-04-01 20:42:53,2025-04-01 20:42:53,2025-04-01 20:42:53
20240808,2024-08-08,8,2024年8月第8天,221,2024年第221天,32,2024年第32周,4,Thursday,8,2024年第8月,202408,2024-08,2024,2024年,202403,2024-Q3,3,2024年3季度,狮子座,2025-04-01 20:42:53,2025-04-01 20:42:53,2025-04-01 20:42:53
20240809,2024-08-09,9,2024年8月第9天,222,2024年第222天,32,2024年第32周,5,Friday,8,2024年第8月,202408,2024-08,2024,2024年,202403,2024-Q3,3,2024年3季度,狮子座,2025-04-01 20:42:53,2025-04-01 20:42:53,2025-04-01 20:42:53
20240810,2024-08-10,10,2024年8月第10天,223,2024年第223天,32,2024年第32周,6,Saturday,8,2024年第8月,202408,2024-08,2024,2024年,202403,2024-Q3,3,2024年3季度,狮子座,2025-04-01 20:42:53,2025-04-01 20:42:53,2025-04-01 20:42:53
20240811,2024-08-11,11,2024年8月第11天,224,2024年第224天,33,2024年第33周,7,Sunday,8,2024年第8月,202408,2024-08,2024,2024年,202403,2024-Q3,3,2024年3季度,狮子座,2025-04-01 20:42:53,2025-04-01 20:42:53,2025-04-01 20:42:53
20240812,2024-08-12,12,2024年8月第12天,225,2024年第225天,33,2024年第33周,1,Monday,8,2024年第8月,202408,2024-08,2024,2024年,202403,2024-Q3,3,2024年3季度,狮子座,2025-04-01 20:42:53,2025-04-01 20:42:53,2025-04-01 20:42:53
20240813,2024-08-13,13,2024年8月第13天,226,2024年第226天,33,2024年第33周,2,Tuesday,8,2024年第8月,202408,2024-08,2024,2024年,202403,2024-Q3,3,2024年3季度,狮子座,2025-04-01 20:42:53,2025-04-01 20:42:53,2025-04-01 20:42:53
20240814,2024-08-14,14,2024年8月第14天,227,2024年第227天,33,2024年第33周,3,Wednesday,8,2024年第8月,202408,2024-08,2024,2024年,202403,2024-Q3,3,2024年3季度,狮子座,2025-04-01 20:42:53,2025-04-01 20:42:53,2025-04-01 20:42:53
20240815,2024-08-15,15,2024年8月第15天,228,2024年第228天,33,2024年第33周,4,Thursday,8,2024年第8月,202408,2024-08,2024,2024年,202403,2024-Q3,3,2024年3季度,狮子座,2025-04-01 20:42:53,2025-04-01 20:42:53,2025-04-01 20:42:53
20240816,2024-08-16,16,2024年8月第16天,229,2024年第229天,33,2024年第33周,5,Friday,8,2024年第8月,202408,2024-08,2024,2024年,202403,2024-Q3,3,2024年3季度,狮子座,2025-04-01 20:42:53,2025-04-01 20:42:53,2025-04-01 20:42:53
20240817,2024-08-17,17,2024年8月第17天,230,2024年第230天,33,2024年第33周,6,Saturday,8,2024年第8月,202408,2024-08,2024,2024年,202403,2024-Q3,3,2024年3季度,狮子座,2025-04-01 20:42:53,2025-04-01 20:42:53,2025-04-01 20:42:53
20240818,2024-08-18,18,2024年8月第18天,231,2024年第231天,34,2024年第34周,7,Sunday,8,2024年第8月,202408,2024-08,2024,2024年,202403,2024-Q3,3,2024年3季度,狮子座,2025-04-01 20:42:53,2025-04-01 20:42:53,2025-04-01 20:42:53
20240819,2024-08-19,19,2024年8月第19天,232,2024年第232天,34,2024年第34周,1,Monday,8,2024年第8月,202408,2024-08,2024,2024年,202403,2024-Q3,3,2024年3季度,狮子座,2025-04-01 20:42:53,2025-04-01 20:42:53,2025-04-01 20:42:53
20240820,2024-08-20,20,2024年8月第20天,233,2024年第233天,34,2024年第34周,2,Tuesday,8,2024年第8月,202408,2024-08,2024,2024年,202403,2024-Q3,3,2024年3季度,狮子座,2025-04-01 20:42:53,2025-04-01 20:42:53,2025-04-01 20:42:53
20240821,2024-08-21,21,2024年8月第21天,234,2024年第234天,34,2024年第34周,3,Wednesday,8,2024年第8月,202408,2024-08,2024,2024年,202403,2024-Q3,3,2024年3季度,狮子座,2025-04-01 20:42:53,2025-04-01 20:42:53,2025-04-01 20:42:53
20240822,2024-08-22,22,2024年8月第22天,235,2024年第235天,34,2024年第34周,4,Thursday,8,2024年第8月,202408,2024-08,2024,2024年,202403,2024-Q3,3,2024年3季度,狮子座,2025-04-01 20:42:53,2025-04-01 20:42:53,2025-04-01 20:42:53
20240823,2024-08-23,23,2024年8月第23天,236,2024年第236天,34,2024年第34周,5,Friday,8,2024年第8月,202408,2024-08,2024,2024年,202403,2024-Q3,3,2024年3季度,处女座,2025-04-01 20:42:53,2025-04-01 20:42:53,2025-04-01 20:42:53
20240824,2024-08-24,24,2024年8月第24天,237,2024年第237天,34,2024年第34周,6,Saturday,8,2024年第8月,202408,2024-08,2024,2024年,202403,2024-Q3,3,2024年3季度,处女座,2025-04-01 20:42:53,2025-04-01 20:42:53,2025-04-01 20:42:53
20240825,2024-08-25,25,2024年8月第25天,238,2024年第238天,35,2024年第35周,7,Sunday,8,2024年第8月,202408,2024-08,2024,2024年,202403,2024-Q3,3,2024年3季度,处女座,2025-04-01 20:42:53,2025-04-01 20:42:53,2025-04-01 20:42:53
20240826,2024-08-26,26,2024年8月第26天,239,2024年第239天,35,2024年第35周,1,Monday,8,2024年第8月,202408,2024-08,2024,2024年,202403,2024-Q3,3,2024年3季度,处女座,2025-04-01 20:42:53,2025-04-01 20:42:53,2025-04-01 20:42:53
20240827,2024-08-27,27,2024年8月第27天,240,2024年第240天,35,2024年第35周,2,Tuesday,8,2024年第8月,202408,2024-08,2024,2024年,202403,2024-Q3,3,2024年3季度,处女座,2025-04-01 20:42:53,2025-04-01 20:42:53,2025-04-01 20:42:53
20240828,2024-08-28,28,2024年8月第28天,241,2024年第241天,35,2024年第35周,3,Wednesday,8,2024年第8月,202408,2024-08,2024,2024年,202403,2024-Q3,3,2024年3季度,处女座,2025-04-01 20:42:53,2025-04-01 20:42:53,2025-04-01 20:42:53
20240829,2024-08-29,29,2024年8月第29天,242,2024年第242天,35,2024年第35周,4,Thursday,8,2024年第8月,202408,2024-08,2024,2024年,202403,2024-Q3,3,2024年3季度,处女座,2025-04-01 20:42:53,2025-04-01 20:42:53,2025-04-01 20:42:53
20240830,2024-08-30,30,2024年8月第30天,243,2024年第243天,35,2024年第35周,5,Friday,8,2024年第8月,202408,2024-08,2024,2024年,202403,2024-Q3,3,2024年3季度,处女座,2025-04-01 20:42:53,2025-04-01 20:42:53,2025-04-01 20:42:53
20240831,2024-08-31,31,2024年8月第31天,244,2024年第244天,35,2024年第35周,6,Saturday,8,2024年第8月,202408,2024-08,2024,2024年,202403,2024-Q3,3,2024年3季度,处女座,2025-04-01 20:42:53,2025-04-01 20:42:53,2025-04-01 20:42:53
20240901,2024-09-01,1,2024年9月第1天,245,2024年第245天,36,2024年第36周,7,Sunday,9,2024年第9月,202409,2024-09,2024,2024年,202403,2024-Q3,3,2024年3季度,处女座,2025-04-01 20:42:53,2025-04-01 20:42:53,2025-04-01 20:42:53
20240902,2024-09-02,2,2024年9月第2天,246,2024年第246天,36,2024年第36周,1,Monday,9,2024年第9月,202409,2024-09,2024,2024年,202403,2024-Q3,3,2024年3季度,处女座,2025-04-01 20:42:53,2025-04-01 20:42:53,2025-04-01 20:42:53
20240903,2024-09-03,3,2024年9月第3天,247,2024年第247天,36,2024年第36周,2,Tuesday,9,2024年第9月,202409,2024-09,2024,2024年,202403,2024-Q3,3,2024年3季度,处女座,2025-04-01 20:42:53,2025-04-01 20:42:53,2025-04-01 20:42:53
20240904,2024-09-04,4,2024年9月第4天,248,2024年第248天,36,2024年第36周,3,Wednesday,9,2024年第9月,202409,2024-09,2024,2024年,202403,2024-Q3,3,2024年3季度,处女座,2025-04-01 20:42:53,2025-04-01 20:42:53,2025-04-01 20:42:53
20240905,2024-09-05,5,2024年9月第5天,249,2024年第249天,36,2024年第36周,4,Thursday,9,2024年第9月,202409,2024-09,2024,2024年,202403,2024-Q3,3,2024年3季度,处女座,2025-04-01 20:42:53,2025-04-01 20:42:53,2025-04-01 20:42:53
20240906,2024-09-06,6,2024年9月第6天,250,2024年第250天,36,2024年第36周,5,Friday,9,2024年第9月,202409,2024-09,2024,2024年,202403,2024-Q3,3,2024年3季度,处女座,2025-04-01 20:42:53,2025-04-01 20:42:53,2025-04-01 20:42:53
20240907,2024-09-07,7,2024年9月第7天,251,2024年第251天,36,2024年第36周,6,Saturday,9,2024年第9月,202409,2024-09,2024,2024年,202403,2024-Q3,3,2024年3季度,处女座,2025-04-01 20:42:53,2025-04-01 20:42:53,2025-04-01 20:42:53
20240908,2024-09-08,8,2024年9月第8天,252,2024年第252天,37,2024年第37周,7,Sunday,9,2024年第9月,202409,2024-09,2024,2024年,202403,2024-Q3,3,2024年3季度,处女座,2025-04-01 20:42:53,2025-04-01 20:42:53,2025-04-01 20:42:53
20240909,2024-09-09,9,2024年9月第9天,253,2024年第253天,37,2024年第37周,1,Monday,9,2024年第9月,202409,2024-09,2024,2024年,202403,2024-Q3,3,2024年3季度,处女座,2025-04-01 20:42:53,2025-04-01 20:42:53,2025-04-01 20:42:53
20240910,2024-09-10,10,2024年9月第10天,254,2024年第254天,37,2024年第37周,2,Tuesday,9,2024年第9月,202409,2024-09,2024,2024年,202403,2024-Q3,3,2024年3季度,处女座,2025-04-01 20:42:53,2025-04-01 20:42:53,2025-04-01 20:42:53
20240911,2024-09-11,11,2024年9月第11天,255,2024年第255天,37,2024年第37周,3,Wednesday,9,2024年第9月,202409,2024-09,2024,2024年,202403,2024-Q3,3,2024年3季度,处女座,2025-04-01 20:42:53,2025-04-01 20:42:53,2025-04-01 20:42:53
20240912,2024-09-12,12,2024年9月第12天,256,2024年第256天,37,2024年第37周,4,Thursday,9,2024年第9月,202409,2024-09,2024,2024年,202403,2024-Q3,3,2024年3季度,处女座,2025-04-01 20:42:53,2025-04-01 20:42:53,2025-04-01 20:42:53
20240913,2024-09-13,13,2024年9月第13天,257,2024年第257天,37,2024年第37周,5,Friday,9,2024年第9月,202409,2024-09,2024,2024年,202403,2024-Q3,3,2024年3季度,处女座,2025-04-01 20:42:53,2025-04-01 20:42:53,2025-04-01 20:42:53
20240914,2024-09-14,14,2024年9月第14天,258,2024年第258天,37,2024年第37周,6,Saturday,9,2024年第9月,202409,2024-09,2024,2024年,202403,2024-Q3,3,2024年3季度,处女座,2025-04-01 20:42:53,2025-04-01 20:42:53,2025-04-01 20:42:53
20240915,2024-09-15,15,2024年9月第15天,259,2024年第259天,38,2024年第38周,7,Sunday,9,2024年第9月,202409,2024-09,2024,2024年,202403,2024-Q3,3,2024年3季度,处女座,2025-04-01 20:42:53,2025-04-01 20:42:53,2025-04-01 20:42:53
20240916,2024-09-16,16,2024年9月第16天,260,2024年第260天,38,2024年第38周,1,Monday,9,2024年第9月,202409,2024-09,2024,2024年,202403,2024-Q3,3,2024年3季度,处女座,2025-04-01 20:42:53,2025-04-01 20:42:53,2025-04-01 20:42:53
20240917,2024-09-17,17,2024年9月第17天,261,2024年第261天,38,2024年第38周,2,Tuesday,9,2024年第9月,202409,2024-09,2024,2024年,202403,2024-Q3,3,2024年3季度,处女座,2025-04-01 20:42:53,2025-04-01 20:42:53,2025-04-01 20:42:53
20240918,2024-09-18,18,2024年9月第18天,262,2024年第262天,38,2024年第38周,3,Wednesday,9,2024年第9月,202409,2024-09,2024,2024年,202403,2024-Q3,3,2024年3季度,处女座,2025-04-01 20:42:53,2025-04-01 20:42:53,2025-04-01 20:42:53
20240919,2024-09-19,19,2024年9月第19天,263,2024年第263天,38,2024年第38周,4,Thursday,9,2024年第9月,202409,2024-09,2024,2024年,202403,2024-Q3,3,2024年3季度,处女座,2025-04-01 20:42:53,2025-04-01 20:42:53,2025-04-01 20:42:53
20240920,2024-09-20,20,2024年9月第20天,264,2024年第264天,38,2024年第38周,5,Friday,9,2024年第9月,202409,2024-09,2024,2024年,202403,2024-Q3,3,2024年3季度,处女座,2025-04-01 20:42:53,2025-04-01 20:42:53,2025-04-01 20:42:53
20240921,2024-09-21,21,2024年9月第21天,265,2024年第265天,38,2024年第38周,6,Saturday,9,2024年第9月,202409,2024-09,2024,2024年,202403,2024-Q3,3,2024年3季度,处女座,2025-04-01 20:42:53,2025-04-01 20:42:53,2025-04-01 20:42:53
20240922,2024-09-22,22,2024年9月第22天,266,2024年第266天,39,2024年第39周,7,Sunday,9,2024年第9月,202409,2024-09,2024,2024年,202403,2024-Q3,3,2024年3季度,处女座,2025-04-01 20:42:53,2025-04-01 20:42:53,2025-04-01 20:42:53
20240923,2024-09-23,23,2024年9月第23天,267,2024年第267天,39,2024年第39周,1,Monday,9,2024年第9月,202409,2024-09,2024,2024年,202403,2024-Q3,3,2024年3季度,天秤座,2025-04-01 20:42:53,2025-04-01 20:42:53,2025-04-01 20:42:53
20240924,2024-09-24,24,2024年9月第24天,268,2024年第268天,39,2024年第39周,2,Tuesday,9,2024年第9月,202409,2024-09,2024,2024年,202403,2024-Q3,3,2024年3季度,天秤座,2025-04-01 20:42:53,2025-04-01 20:42:53,2025-04-01 20:42:53
20240925,2024-09-25,25,2024年9月第25天,269,2024年第269天,39,2024年第39周,3,Wednesday,9,2024年第9月,202409,2024-09,2024,2024年,202403,2024-Q3,3,2024年3季度,天秤座,2025-04-01 20:42:53,2025-04-01 20:42:53,2025-04-01 20:42:53
20240926,2024-09-26,26,2024年9月第26天,270,2024年第270天,39,2024年第39周,4,Thursday,9,2024年第9月,202409,2024-09,2024,2024年,202403,2024-Q3,3,2024年3季度,天秤座,2025-04-01 20:42:53,2025-04-01 20:42:53,2025-04-01 20:42:53
20240927,2024-09-27,27,2024年9月第27天,271,2024年第271天,39,2024年第39周,5,Friday,9,2024年第9月,202409,2024-09,2024,2024年,202403,2024-Q3,3,2024年3季度,天秤座,2025-04-01 20:42:53,2025-04-01 20:42:53,2025-04-01 20:42:53
20240928,2024-09-28,28,2024年9月第28天,272,2024年第272天,39,2024年第39周,6,Saturday,9,2024年第9月,202409,2024-09,2024,2024年,202403,2024-Q3,3,2024年3季度,天秤座,2025-04-01 20:42:53,2025-04-01 20:42:53,2025-04-01 20:42:53
20240929,2024-09-29,29,2024年9月第29天,273,2024年第273天,40,2024年第40周,7,Sunday,9,2024年第9月,202409,2024-09,2024,2024年,202403,2024-Q3,3,2024年3季度,天秤座,2025-04-01 20:42:53,2025-04-01 20:42:53,2025-04-01 20:42:53
20240930,2024-09-30,30,2024年9月第30天,274,2024年第274天,40,2024年第40周,1,Monday,9,2024年第9月,202409,2024-09,2024,2024年,202403,2024-Q3,3,2024年3季度,天秤座,2025-04-01 20:42:53,2025-04-01 20:42:53,2025-04-01 20:42:53
20241001,2024-10-01,1,2024年10月第1天,275,2024年第275天,40,2024年第40周,2,Tuesday,10,2024年第10月,202410,2024-10,2024,2024年,202404,2024-Q4,4,2024年4季度,天秤座,2025-04-01 20:42:53,2025-04-01 20:42:53,2025-04-01 20:42:53
20241002,2024-10-02,2,2024年10月第2天,276,2024年第276天,40,2024年第40周,3,Wednesday,10,2024年第10月,202410,2024-10,2024,2024年,202404,2024-Q4,4,2024年4季度,天秤座,2025-04-01 20:42:53,2025-04-01 20:42:53,2025-04-01 20:42:53
20241003,2024-10-03,3,2024年10月第3天,277,2024年第277天,40,2024年第40周,4,Thursday,10,2024年第10月,202410,2024-10,2024,2024年,202404,2024-Q4,4,2024年4季度,天秤座,2025-04-01 20:42:53,2025-04-01 20:42:53,2025-04-01 20:42:53
20241004,2024-10-04,4,2024年10月第4天,278,2024年第278天,40,2024年第40周,5,Friday,10,2024年第10月,202410,2024-10,2024,2024年,202404,2024-Q4,4,2024年4季度,天秤座,2025-04-01 20:42:53,2025-04-01 20:42:53,2025-04-01 20:42:53
20241005,2024-10-05,5,2024年10月第5天,279,2024年第279天,40,2024年第40周,6,Saturday,10,2024年第10月,202410,2024-10,2024,2024年,202404,2024-Q4,4,2024年4季度,天秤座,2025-04-01 20:42:53,2025-04-01 20:42:53,2025-04-01 20:42:53
20241006,2024-10-06,6,2024年10月第6天,280,2024年第280天,41,2024年第41周,7,Sunday,10,2024年第10月,202410,2024-10,2024,2024年,202404,2024-Q4,4,2024年4季度,天秤座,2025-04-01 20:42:53,2025-04-01 20:42:53,2025-04-01 20:42:53
20241007,2024-10-07,7,2024年10月第7天,281,2024年第281天,41,2024年第41周,1,Monday,10,2024年第10月,202410,2024-10,2024,2024年,202404,2024-Q4,4,2024年4季度,天秤座,2025-04-01 20:42:53,2025-04-01 20:42:53,2025-04-01 20:42:53
20241008,2024-10-08,8,2024年10月第8天,282,2024年第282天,41,2024年第41周,2,Tuesday,10,2024年第10月,202410,2024-10,2024,2024年,202404,2024-Q4,4,2024年4季度,天秤座,2025-04-01 20:42:53,2025-04-01 20:42:53,2025-04-01 20:42:53
20241009,2024-10-09,9,2024年10月第9天,283,2024年第283天,41,2024年第41周,3,Wednesday,10,2024年第10月,202410,2024-10,2024,2024年,202404,2024-Q4,4,2024年4季度,天秤座,2025-04-01 20:42:53,2025-04-01 20:42:53,2025-04-01 20:42:53
20241010,2024-10-10,10,2024年10月第10天,284,2024年第284天,41,2024年第41周,4,Thursday,10,2024年第10月,202410,2024-10,2024,2024年,202404,2024-Q4,4,2024年4季度,天秤座,2025-04-01 20:42:53,2025-04-01 20:42:53,2025-04-01 20:42:53
20241011,2024-10-11,11,2024年10月第11天,285,2024年第285天,41,2024年第41周,5,Friday,10,2024年第10月,202410,2024-10,2024,2024年,202404,2024-Q4,4,2024年4季度,天秤座,2025-04-01 20:42:53,2025-04-01 20:42:53,2025-04-01 20:42:53
20241012,2024-10-12,12,2024年10月第12天,286,2024年第286天,41,2024年第41周,6,Saturday,10,2024年第10月,202410,2024-10,2024,2024年,202404,2024-Q4,4,2024年4季度,天秤座,2025-04-01 20:42:53,2025-04-01 20:42:53,2025-04-01 20:42:53
20241013,2024-10-13,13,2024年10月第13天,287,2024年第287天,42,2024年第42周,7,Sunday,10,2024年第10月,202410,2024-10,2024,2024年,202404,2024-Q4,4,2024年4季度,天秤座,2025-04-01 20:42:53,2025-04-01 20:42:53,2025-04-01 20:42:53
20241014,2024-10-14,14,2024年10月第14天,288,2024年第288天,42,2024年第42周,1,Monday,10,2024年第10月,202410,2024-10,2024,2024年,202404,2024-Q4,4,2024年4季度,天秤座,2025-04-01 20:42:53,2025-04-01 20:42:53,2025-04-01 20:42:53
20241015,2024-10-15,15,2024年10月第15天,289,2024年第289天,42,2024年第42周,2,Tuesday,10,2024年第10月,202410,2024-10,2024,2024年,202404,2024-Q4,4,2024年4季度,天秤座,2025-04-01 20:42:53,2025-04-01 20:42:53,2025-04-01 20:42:53
20241016,2024-10-16,16,2024年10月第16天,290,2024年第290天,42,2024年第42周,3,Wednesday,10,2024年第10月,202410,2024-10,2024,2024年,202404,2024-Q4,4,2024年4季度,天秤座,2025-04-01 20:42:53,2025-04-01 20:42:53,2025-04-01 20:42:53
20241017,2024-10-17,17,2024年10月第17天,291,2024年第291天,42,2024年第42周,4,Thursday,10,2024年第10月,202410,2024-10,2024,2024年,202404,2024-Q4,4,2024年4季度,天秤座,2025-04-01 20:42:53,2025-04-01 20:42:53,2025-04-01 20:42:53
20241018,2024-10-18,18,2024年10月第18天,292,2024年第292天,42,2024年第42周,5,Friday,10,2024年第10月,202410,2024-10,2024,2024年,202404,2024-Q4,4,2024年4季度,天秤座,2025-04-01 20:42:53,2025-04-01 20:42:53,2025-04-01 20:42:53
20241019,2024-10-19,19,2024年10月第19天,293,2024年第293天,42,2024年第42周,6,Saturday,10,2024年第10月,202410,2024-10,2024,2024年,202404,2024-Q4,4,2024年4季度,天秤座,2025-04-01 20:42:53,2025-04-01 20:42:53,2025-04-01 20:42:53
20241020,2024-10-20,20,2024年10月第20天,294,2024年第294天,43,2024年第43周,7,Sunday,10,2024年第10月,202410,2024-10,2024,2024年,202404,2024-Q4,4,2024年4季度,天秤座,2025-04-01 20:42:53,2025-04-01 20:42:53,2025-04-01 20:42:53
20241021,2024-10-21,21,2024年10月第21天,295,2024年第295天,43,2024年第43周,1,Monday,10,2024年第10月,202410,2024-10,2024,2024年,202404,2024-Q4,4,2024年4季度,天秤座,2025-04-01 20:42:53,2025-04-01 20:42:53,2025-04-01 20:42:53
20241022,2024-10-22,22,2024年10月第22天,296,2024年第296天,43,2024年第43周,2,Tuesday,10,2024年第10月,202410,2024-10,2024,2024年,202404,2024-Q4,4,2024年4季度,天秤座,2025-04-01 20:42:53,2025-04-01 20:42:53,2025-04-01 20:42:53
20241023,2024-10-23,23,2024年10月第23天,297,2024年第297天,43,2024年第43周,3,Wednesday,10,2024年第10月,202410,2024-10,2024,2024年,202404,2024-Q4,4,2024年4季度,天秤座,2025-04-01 20:42:53,2025-04-01 20:42:53,2025-04-01 20:42:53
20241024,2024-10-24,24,2024年10月第24天,298,2024年第298天,43,2024年第43周,4,Thursday,10,2024年第10月,202410,2024-10,2024,2024年,202404,2024-Q4,4,2024年4季度,天蝎座,2025-04-01 20:42:53,2025-04-01 20:42:53,2025-04-01 20:42:53
20241025,2024-10-25,25,2024年10月第25天,299,2024年第299天,43,2024年第43周,5,Friday,10,2024年第10月,202410,2024-10,2024,2024年,202404,2024-Q4,4,2024年4季度,天蝎座,2025-04-01 20:42:53,2025-04-01 20:42:53,2025-04-01 20:42:53
20241026,2024-10-26,26,2024年10月第26天,300,2024年第300天,43,2024年第43周,6,Saturday,10,2024年第10月,202410,2024-10,2024,2024年,202404,2024-Q4,4,2024年4季度,天蝎座,2025-04-01 20:42:53,2025-04-01 20:42:53,2025-04-01 20:42:53
20241027,2024-10-27,27,2024年10月第27天,301,2024年第301天,44,2024年第44周,7,Sunday,10,2024年第10月,202410,2024-10,2024,2024年,202404,2024-Q4,4,2024年4季度,天蝎座,2025-04-01 20:42:53,2025-04-01 20:42:53,2025-04-01 20:42:53
20241028,2024-10-28,28,2024年10月第28天,302,2024年第302天,44,2024年第44周,1,Monday,10,2024年第10月,202410,2024-10,2024,2024年,202404,2024-Q4,4,2024年4季度,天蝎座,2025-04-01 20:42:53,2025-04-01 20:42:53,2025-04-01 20:42:53
20241029,2024-10-29,29,2024年10月第29天,303,2024年第303天,44,2024年第44周,2,Tuesday,10,2024年第10月,202410,2024-10,2024,2024年,202404,2024-Q4,4,2024年4季度,天蝎座,2025-04-01 20:42:53,2025-04-01 20:42:53,2025-04-01 20:42:53
20241030,2024-10-30,30,2024年10月第30天,304,2024年第304天,44,2024年第44周,3,Wednesday,10,2024年第10月,202410,2024-10,2024,2024年,202404,2024-Q4,4,2024年4季度,天蝎座,2025-04-01 20:42:53,2025-04-01 20:42:53,2025-04-01 20:42:53
20241031,2024-10-31,31,2024年10月第31天,305,2024年第305天,44,2024年第44周,4,Thursday,10,2024年第10月,202410,2024-10,2024,2024年,202404,2024-Q4,4,2024年4季度,天蝎座,2025-04-01 20:42:53,2025-04-01 20:42:53,2025-04-01 20:42:53
20241101,2024-11-01,1,2024年11月第1天,306,2024年第306天,44,2024年第44周,5,Friday,11,2024年第11月,202411,2024-11,2024,2024年,202404,2024-Q4,4,2024年4季度,天蝎座,2025-04-01 20:42:53,2025-04-01 20:42:53,2025-04-01 20:42:53
20241102,2024-11-02,2,2024年11月第2天,307,2024年第307天,44,2024年第44周,6,Saturday,11,2024年第11月,202411,2024-11,2024,2024年,202404,2024-Q4,4,2024年4季度,天蝎座,2025-04-01 20:42:53,2025-04-01 20:42:53,2025-04-01 20:42:53
20241103,2024-11-03,3,2024年11月第3天,308,2024年第308天,45,2024年第45周,7,Sunday,11,2024年第11月,202411,2024-11,2024,2024年,202404,2024-Q4,4,2024年4季度,天蝎座,2025-04-01 20:42:53,2025-04-01 20:42:53,2025-04-01 20:42:53
20241104,2024-11-04,4,2024年11月第4天,309,2024年第309天,45,2024年第45周,1,Monday,11,2024年第11月,202411,2024-11,2024,2024年,202404,2024-Q4,4,2024年4季度,天蝎座,2025-04-01 20:42:53,2025-04-01 20:42:53,2025-04-01 20:42:53
20241105,2024-11-05,5,2024年11月第5天,310,2024年第310天,45,2024年第45周,2,Tuesday,11,2024年第11月,202411,2024-11,2024,2024年,202404,2024-Q4,4,2024年4季度,天蝎座,2025-04-01 20:42:53,2025-04-01 20:42:53,2025-04-01 20:42:53
20241106,2024-11-06,6,2024年11月第6天,311,2024年第311天,45,2024年第45周,3,Wednesday,11,2024年第11月,202411,2024-11,2024,2024年,202404,2024-Q4,4,2024年4季度,天蝎座,2025-04-01 20:42:53,2025-04-01 20:42:53,2025-04-01 20:42:53
20241107,2024-11-07,7,2024年11月第7天,312,2024年第312天,45,2024年第45周,4,Thursday,11,2024年第11月,202411,2024-11,2024,2024年,202404,2024-Q4,4,2024年4季度,天蝎座,2025-04-01 20:42:53,2025-04-01 20:42:53,2025-04-01 20:42:53
20241108,2024-11-08,8,2024年11月第8天,313,2024年第313天,45,2024年第45周,5,Friday,11,2024年第11月,202411,2024-11,2024,2024年,202404,2024-Q4,4,2024年4季度,天蝎座,2025-04-01 20:42:53,2025-04-01 20:42:53,2025-04-01 20:42:53
20241109,2024-11-09,9,2024年11月第9天,314,2024年第314天,45,2024年第45周,6,Saturday,11,2024年第11月,202411,2024-11,2024,2024年,202404,2024-Q4,4,2024年4季度,天蝎座,2025-04-01 20:42:53,2025-04-01 20:42:53,2025-04-01 20:42:53
20241110,2024-11-10,10,2024年11月第10天,315,2024年第315天,46,2024年第46周,7,Sunday,11,2024年第11月,202411,2024-11,2024,2024年,202404,2024-Q4,4,2024年4季度,天蝎座,2025-04-01 20:42:53,2025-04-01 20:42:53,2025-04-01 20:42:53
20241111,2024-11-11,11,2024年11月第11天,316,2024年第316天,46,2024年第46周,1,Monday,11,2024年第11月,202411,2024-11,2024,2024年,202404,2024-Q4,4,2024年4季度,天蝎座,2025-04-01 20:42:53,2025-04-01 20:42:53,2025-04-01 20:42:53
20241112,2024-11-12,12,2024年11月第12天,317,2024年第317天,46,2024年第46周,2,Tuesday,11,2024年第11月,202411,2024-11,2024,2024年,202404,2024-Q4,4,2024年4季度,天蝎座,2025-04-01 20:42:53,2025-04-01 20:42:53,2025-04-01 20:42:53
20241113,2024-11-13,13,2024年11月第13天,318,2024年第318天,46,2024年第46周,3,Wednesday,11,2024年第11月,202411,2024-11,2024,2024年,202404,2024-Q4,4,2024年4季度,天蝎座,2025-04-01 20:42:53,2025-04-01 20:42:53,2025-04-01 20:42:53
20241114,2024-11-14,14,2024年11月第14天,319,2024年第319天,46,2024年第46周,4,Thursday,11,2024年第11月,202411,2024-11,2024,2024年,202404,2024-Q4,4,2024年4季度,天蝎座,2025-04-01 20:42:53,2025-04-01 20:42:53,2025-04-01 20:42:53
20241115,2024-11-15,15,2024年11月第15天,320,2024年第320天,46,2024年第46周,5,Friday,11,2024年第11月,202411,2024-11,2024,2024年,202404,2024-Q4,4,2024年4季度,天蝎座,2025-04-01 20:42:53,2025-04-01 20:42:53,2025-04-01 20:42:53
20241116,2024-11-16,16,2024年11月第16天,321,2024年第321天,46,2024年第46周,6,Saturday,11,2024年第11月,202411,2024-11,2024,2024年,202404,2024-Q4,4,2024年4季度,天蝎座,2025-04-01 20:42:53,2025-04-01 20:42:53,2025-04-01 20:42:53
20241117,2024-11-17,17,2024年11月第17天,322,2024年第322天,47,2024年第47周,7,Sunday,11,2024年第11月,202411,2024-11,2024,2024年,202404,2024-Q4,4,2024年4季度,天蝎座,2025-04-01 20:42:53,2025-04-01 20:42:53,2025-04-01 20:42:53
20241118,2024-11-18,18,2024年11月第18天,323,2024年第323天,47,2024年第47周,1,Monday,11,2024年第11月,202411,2024-11,2024,2024年,202404,2024-Q4,4,2024年4季度,天蝎座,2025-04-01 20:42:53,2025-04-01 20:42:53,2025-04-01 20:42:53
20241119,2024-11-19,19,2024年11月第19天,324,2024年第324天,47,2024年第47周,2,Tuesday,11,2024年第11月,202411,2024-11,2024,2024年,202404,2024-Q4,4,2024年4季度,天蝎座,2025-04-01 20:42:53,2025-04-01 20:42:53,2025-04-01 20:42:53
20241120,2024-11-20,20,2024年11月第20天,325,2024年第325天,47,2024年第47周,3,Wednesday,11,2024年第11月,202411,2024-11,2024,2024年,202404,2024-Q4,4,2024年4季度,天蝎座,2025-04-01 20:42:53,2025-04-01 20:42:53,2025-04-01 20:42:53
20241121,2024-11-21,21,2024年11月第21天,326,2024年第326天,47,2024年第47周,4,Thursday,11,2024年第11月,202411,2024-11,2024,2024年,202404,2024-Q4,4,2024年4季度,天蝎座,2025-04-01 20:42:53,2025-04-01 20:42:53,2025-04-01 20:42:53
20241122,2024-11-22,22,2024年11月第22天,327,2024年第327天,47,2024年第47周,5,Friday,11,2024年第11月,202411,2024-11,2024,2024年,202404,2024-Q4,4,2024年4季度,天蝎座,2025-04-01 20:42:53,2025-04-01 20:42:53,2025-04-01 20:42:53
20241123,2024-11-23,23,2024年11月第23天,328,2024年第328天,47,2024年第47周,6,Saturday,11,2024年第11月,202411,2024-11,2024,2024年,202404,2024-Q4,4,2024年4季度,射手座,2025-04-01 20:42:53,2025-04-01 20:42:53,2025-04-01 20:42:53
20241124,2024-11-24,24,2024年11月第24天,329,2024年第329天,48,2024年第48周,7,Sunday,11,2024年第11月,202411,2024-11,2024,2024年,202404,2024-Q4,4,2024年4季度,射手座,2025-04-01 20:42:53,2025-04-01 20:42:53,2025-04-01 20:42:53
20241125,2024-11-25,25,2024年11月第25天,330,2024年第330天,48,2024年第48周,1,Monday,11,2024年第11月,202411,2024-11,2024,2024年,202404,2024-Q4,4,2024年4季度,射手座,2025-04-01 20:42:53,2025-04-01 20:42:53,2025-04-01 20:42:53
20241126,2024-11-26,26,2024年11月第26天,331,2024年第331天,48,2024年第48周,2,Tuesday,11,2024年第11月,202411,2024-11,2024,2024年,202404,2024-Q4,4,2024年4季度,射手座,2025-04-01 20:42:53,2025-04-01 20:42:53,2025-04-01 20:42:53
20241127,2024-11-27,27,2024年11月第27天,332,2024年第332天,48,2024年第48周,3,Wednesday,11,2024年第11月,202411,2024-11,2024,2024年,202404,2024-Q4,4,2024年4季度,射手座,2025-04-01 20:42:53,2025-04-01 20:42:53,2025-04-01 20:42:53
20241128,2024-11-28,28,2024年11月第28天,333,2024年第333天,48,2024年第48周,4,Thursday,11,2024年第11月,202411,2024-11,2024,2024年,202404,2024-Q4,4,2024年4季度,射手座,2025-04-01 20:42:53,2025-04-01 20:42:53,2025-04-01 20:42:53
20241129,2024-11-29,29,2024年11月第29天,334,2024年第334天,48,2024年第48周,5,Friday,11,2024年第11月,202411,2024-11,2024,2024年,202404,2024-Q4,4,2024年4季度,射手座,2025-04-01 20:42:53,2025-04-01 20:42:53,2025-04-01 20:42:53
20241130,2024-11-30,30,2024年11月第30天,335,2024年第335天,48,2024年第48周,6,Saturday,11,2024年第11月,202411,2024-11,2024,2024年,202404,2024-Q4,4,2024年4季度,射手座,2025-04-01 20:42:53,2025-04-01 20:42:53,2025-04-01 20:42:53
20241201,2024-12-01,1,2024年12月第1天,336,2024年第336天,49,2024年第49周,7,Sunday,12,2024年第12月,202412,2024-12,2024,2024年,202404,2024-Q4,4,2024年4季度,射手座,2025-04-01 20:42:53,2025-04-01 20:42:53,2025-04-01 20:42:53
20241202,2024-12-02,2,2024年12月第2天,337,2024年第337天,49,2024年第49周,1,Monday,12,2024年第12月,202412,2024-12,2024,2024年,202404,2024-Q4,4,2024年4季度,射手座,2025-04-01 20:42:53,2025-04-01 20:42:53,2025-04-01 20:42:53
20241203,2024-12-03,3,2024年12月第3天,338,2024年第338天,49,2024年第49周,2,Tuesday,12,2024年第12月,202412,2024-12,2024,2024年,202404,2024-Q4,4,2024年4季度,射手座,2025-04-01 20:42:53,2025-04-01 20:42:53,2025-04-01 20:42:53
20241204,2024-12-04,4,2024年12月第4天,339,2024年第339天,49,2024年第49周,3,Wednesday,12,2024年第12月,202412,2024-12,2024,2024年,202404,2024-Q4,4,2024年4季度,射手座,2025-04-01 20:42:53,2025-04-01 20:42:53,2025-04-01 20:42:53
20241205,2024-12-05,5,2024年12月第5天,340,2024年第340天,49,2024年第49周,4,Thursday,12,2024年第12月,202412,2024-12,2024,2024年,202404,2024-Q4,4,2024年4季度,射手座,2025-04-01 20:42:53,2025-04-01 20:42:53,2025-04-01 20:42:53
20241206,2024-12-06,6,2024年12月第6天,341,2024年第341天,49,2024年第49周,5,Friday,12,2024年第12月,202412,2024-12,2024,2024年,202404,2024-Q4,4,2024年4季度,射手座,2025-04-01 20:42:53,2025-04-01 20:42:53,2025-04-01 20:42:53
20241207,2024-12-07,7,2024年12月第7天,342,2024年第342天,49,2024年第49周,6,Saturday,12,2024年第12月,202412,2024-12,2024,2024年,202404,2024-Q4,4,2024年4季度,射手座,2025-04-01 20:42:53,2025-04-01 20:42:53,2025-04-01 20:42:53
20241208,2024-12-08,8,2024年12月第8天,343,2024年第343天,50,2024年第50周,7,Sunday,12,2024年第12月,202412,2024-12,2024,2024年,202404,2024-Q4,4,2024年4季度,射手座,2025-04-01 20:42:53,2025-04-01 20:42:53,2025-04-01 20:42:53
20241209,2024-12-09,9,2024年12月第9天,344,2024年第344天,50,2024年第50周,1,Monday,12,2024年第12月,202412,2024-12,2024,2024年,202404,2024-Q4,4,2024年4季度,射手座,2025-04-01 20:42:53,2025-04-01 20:42:53,2025-04-01 20:42:53
20241210,2024-12-10,10,2024年12月第10天,345,2024年第345天,50,2024年第50周,2,Tuesday,12,2024年第12月,202412,2024-12,2024,2024年,202404,2024-Q4,4,2024年4季度,射手座,2025-04-01 20:42:53,2025-04-01 20:42:53,2025-04-01 20:42:53
20241211,2024-12-11,11,2024年12月第11天,346,2024年第346天,50,2024年第50周,3,Wednesday,12,2024年第12月,202412,2024-12,2024,2024年,202404,2024-Q4,4,2024年4季度,射手座,2025-04-01 20:42:53,2025-04-01 20:42:53,2025-04-01 20:42:53
20241212,2024-12-12,12,2024年12月第12天,347,2024年第347天,50,2024年第50周,4,Thursday,12,2024年第12月,202412,2024-12,2024,2024年,202404,2024-Q4,4,2024年4季度,射手座,2025-04-01 20:42:53,2025-04-01 20:42:53,2025-04-01 20:42:53
20241213,2024-12-13,13,2024年12月第13天,348,2024年第348天,50,2024年第50周,5,Friday,12,2024年第12月,202412,2024-12,2024,2024年,202404,2024-Q4,4,2024年4季度,射手座,2025-04-01 20:42:53,2025-04-01 20:42:53,2025-04-01 20:42:53
20241214,2024-12-14,14,2024年12月第14天,349,2024年第349天,50,2024年第50周,6,Saturday,12,2024年第12月,202412,2024-12,2024,2024年,202404,2024-Q4,4,2024年4季度,射手座,2025-04-01 20:42:53,2025-04-01 20:42:53,2025-04-01 20:42:53
20241215,2024-12-15,15,2024年12月第15天,350,2024年第350天,51,2024年第51周,7,Sunday,12,2024年第12月,202412,2024-12,2024,2024年,202404,2024-Q4,4,2024年4季度,射手座,2025-04-01 20:42:53,2025-04-01 20:42:53,2025-04-01 20:42:53
20241216,2024-12-16,16,2024年12月第16天,351,2024年第351天,51,2024年第51周,1,Monday,12,2024年第12月,202412,2024-12,2024,2024年,202404,2024-Q4,4,2024年4季度,射手座,2025-04-01 20:42:53,2025-04-01 20:42:53,2025-04-01 20:42:53
20241217,2024-12-17,17,2024年12月第17天,352,2024年第352天,51,2024年第51周,2,Tuesday,12,2024年第12月,202412,2024-12,2024,2024年,202404,2024-Q4,4,2024年4季度,射手座,2025-04-01 20:42:53,2025-04-01 20:42:53,2025-04-01 20:42:53
20241218,2024-12-18,18,2024年12月第18天,353,2024年第353天,51,2024年第51周,3,Wednesday,12,2024年第12月,202412,2024-12,2024,2024年,202404,2024-Q4,4,2024年4季度,射手座,2025-04-01 20:42:53,2025-04-01 20:42:53,2025-04-01 20:42:53
20241219,2024-12-19,19,2024年12月第19天,354,2024年第354天,51,2024年第51周,4,Thursday,12,2024年第12月,202412,2024-12,2024,2024年,202404,2024-Q4,4,2024年4季度,射手座,2025-04-01 20:42:53,2025-04-01 20:42:53,2025-04-01 20:42:53
20241220,2024-12-20,20,2024年12月第20天,355,2024年第355天,51,2024年第51周,5,Friday,12,2024年第12月,202412,2024-12,2024,2024年,202404,2024-Q4,4,2024年4季度,射手座,2025-04-01 20:42:53,2025-04-01 20:42:53,2025-04-01 20:42:53
20241221,2024-12-21,21,2024年12月第21天,356,2024年第356天,51,2024年第51周,6,Saturday,12,2024年第12月,202412,2024-12,2024,2024年,202404,2024-Q4,4,2024年4季度,射手座,2025-04-01 20:42:53,2025-04-01 20:42:53,2025-04-01 20:42:53
20241222,2024-12-22,22,2024年12月第22天,357,2024年第357天,52,2024年第52周,7,Sunday,12,2024年第12月,202412,2024-12,2024,2024年,202404,2024-Q4,4,2024年4季度,摩羯座,2025-04-01 20:42:53,2025-04-01 20:42:53,2025-04-01 20:42:53
20241223,2024-12-23,23,2024年12月第23天,358,2024年第358天,52,2024年第52周,1,Monday,12,2024年第12月,202412,2024-12,2024,2024年,202404,2024-Q4,4,2024年4季度,摩羯座,2025-04-01 20:42:53,2025-04-01 20:42:53,2025-04-01 20:42:53
20241224,2024-12-24,24,2024年12月第24天,359,2024年第359天,52,2024年第52周,2,Tuesday,12,2024年第12月,202412,2024-12,2024,2024年,202404,2024-Q4,4,2024年4季度,摩羯座,2025-04-01 20:42:53,2025-04-01 20:42:53,2025-04-01 20:42:53
20241225,2024-12-25,25,2024年12月第25天,360,2024年第360天,52,2024年第52周,3,Wednesday,12,2024年第12月,202412,2024-12,2024,2024年,202404,2024-Q4,4,2024年4季度,摩羯座,2025-04-01 20:42:53,2025-04-01 20:42:53,2025-04-01 20:42:53
20241226,2024-12-26,26,2024年12月第26天,361,2024年第361天,52,2024年第52周,4,Thursday,12,2024年第12月,202412,2024-12,2024,2024年,202404,2024-Q4,4,2024年4季度,摩羯座,2025-04-01 20:42:53,2025-04-01 20:42:53,2025-04-01 20:42:53
20241227,2024-12-27,27,2024年12月第27天,362,2024年第362天,52,2024年第52周,5,Friday,12,2024年第12月,202412,2024-12,2024,2024年,202404,2024-Q4,4,2024年4季度,摩羯座,2025-04-01 20:42:53,2025-04-01 20:42:53,2025-04-01 20:42:53
20241228,2024-12-28,28,2024年12月第28天,363,2024年第363天,52,2024年第52周,6,Saturday,12,2024年第12月,202412,2024-12,2024,2024年,202404,2024-Q4,4,2024年4季度,摩羯座,2025-04-01 20:42:53,2025-04-01 20:42:53,2025-04-01 20:42:53
20241229,2024-12-29,29,2024年12月第29天,364,2024年第364天,1,2024年第1周,7,Sunday,12,2024年第12月,202412,2024-12,2024,2024年,202404,2024-Q4,4,2024年4季度,摩羯座,2025-04-01 20:42:53,2025-04-01 20:42:53,2025-04-01 20:42:53
20241230,2024-12-30,30,2024年12月第30天,365,2024年第365天,1,2024年第1周,1,Monday,12,2024年第12月,202412,2024-12,2024,2024年,202404,2024-Q4,4,2024年4季度,摩羯座,2025-04-01 20:42:53,2025-04-01 20:42:53,2025-04-01 20:42:53
20241231,2024-12-31,31,2024年12月第31天,366,2024年第366天,1,2024年第1周,2,Tuesday,12,2024年第12月,202412,2024-12,2024,2024年,202404,2024-Q4,4,2024年4季度,摩羯座,2025-04-01 20:42:53,2025-04-01 20:42:53,2025-04-01 20:42:53
20250101,2025-01-01,1,2025年1月第1天,1,2025年第1天,1,2025年第1周,3,Wednesday,1,2025年第1月,202501,2025-01,2025,2025年,202501,2025-Q1,1,2025年1季度,摩羯座,2025-04-01 20:42:53,2025-04-01 20:42:53,2025-04-01 20:42:53
